representation,method,regime,seed,budget,split,trees,n,precision,recall,f1,balanced_accuracy,tn,fp,fn,tp,error_rate,ece,brier,auroc,auprc
temporal_reconstructed,source_only,none,42,0,target_val,500,2751,0.7701212789415656,0.8607516943930992,0.8129182426534769,0.7455354216646347,711,417,226,1397,0.2337331879316612,0.10980665546206944,0.19050237908848278,0.7598555559925364,0.7863237542189357
temporal_reconstructed,coral,none,42,0,target_val,500,2751,0.7177191328934966,0.9383857054836722,0.8133511348464619,0.703678668344673,529,599,100,1523,0.25408942202835333,0.08586088771469344,0.19049975071458172,0.7273190571701996,0.7320242617453583
temporal_reconstructed,importance,none,42,0,target_val,500,2751,0.7713815789473685,0.866913123844732,0.8163620539599652,0.7486161363904511,711,417,216,1407,0.2300981461286805,0.0996116235354595,0.18668932224381435,0.7695324960780972,0.7960864758709438
temporal_reconstructed,pseudo_label,none,42,0,target_val,500,2751,0.7648663393344245,0.8638324091189156,0.8113425925925926,0.7408701052686777,697,431,221,1402,0.23700472555434388,0.1137187619532169,0.19230252919876842,0.7676938993108814,0.8076844321413849
temporal_reconstructed,target_full,none,42,9249,target_val,500,2751,0.9070234113712374,0.8354898336414048,0.8697883258499037,0.8561314416433974,989,139,267,1356,0.1475826972010178,0.055635561363295054,0.10391934617443646,0.930473075427258,0.940600231127811
temporal_reconstructed,source_only,none,43,0,target_val,500,2751,0.7724288840262582,0.8699938385705484,0.8183135323094756,0.7505997561647069,712,416,211,1412,0.22791712104689205,0.10750374211547233,0.18782928235609614,0.7690518171847075,0.7989209640966294
temporal_reconstructed,coral,none,43,0,target_val,500,2751,0.7167684358853922,0.940234134319162,0.8134328358208955,0.7028298331170278,525,603,97,1526,0.2544529262086514,0.08739106387888983,0.1908895481378281,0.7252832728114909,0.7306870272235553
temporal_reconstructed,importance,none,43,0,target_val,500,2751,0.7685541506322155,0.8613678373382625,0.8123184195235328,0.7440704434918263,707,421,225,1398,0.23482370047255544,0.09623699023118389,0.18757827207430916,0.7686678202960108,0.797204586404757
temporal_reconstructed,pseudo_label,none,43,0,target_val,500,2751,0.7659227000544366,0.866913123844732,0.8132947976878613,0.7428537250429333,698,430,216,1407,0.23482370047255544,0.10041254563483643,0.18703900781018246,0.7798239404307757,0.8222697871105509
temporal_reconstructed,target_full,none,43,9249,target_val,500,2751,0.9048257372654156,0.8317929759704251,0.8667736757624398,0.852953225573865,986,142,273,1350,0.15085423482370047,0.05513100330901518,0.1040516138967887,0.9304080745314474,0.9403576483851698
temporal_reconstructed,source_only,none,44,0,target_val,500,2751,0.7699504678040726,0.8619839802834257,0.8133720930232559,0.7457083021984505,710,418,224,1399,0.23336968375136313,0.1119943261011831,0.1920649315672391,0.7593218931756706,0.7870561138738037
temporal_reconstructed,coral,none,44,0,target_val,500,2751,0.7155618241654913,0.937769562538509,0.8117333333333333,0.7007110224040063,523,605,101,1522,0.25663395129043987,0.07836315047164577,0.19019674971330927,0.7311284374003139,0.7377905096228474
temporal_reconstructed,importance,none,44,0,target_val,500,2751,0.7698237885462555,0.8613678373382625,0.813027042744984,0.7454002307258689,710,418,225,1398,0.2337331879316612,0.1116843099529982,0.19100751141497807,0.7603903112614326,0.7904005465157955
temporal_reconstructed,pseudo_label,none,44,0,target_val,500,2751,0.7412658227848101,0.9020332717190388,0.8137854363535297,0.7245095436609379,617,511,159,1464,0.2435478007997092,0.10769465666959853,0.1932143062301288,0.7736138968637887,0.8133521760042894
temporal_reconstructed,target_full,none,44,9249,target_val,500,2751,0.9049531459170014,0.8330252618607517,0.8675008020532563,0.8535693685190283,986,142,271,1352,0.15012722646310434,0.0532378013992851,0.10399144902136392,0.9305528244254795,0.9404290748807552
temporal_reconstructed,source_only,none,45,0,target_val,500,2751,0.7675054704595186,0.8644485520640789,0.8130976528542452,0.7438377512093444,703,425,220,1403,0.23446019629225737,0.11252007627327676,0.19082681136944563,0.760444933862954,0.786237458499965
temporal_reconstructed,coral,none,45,0,target_val,500,2751,0.7152941176470589,0.9365372766481824,0.8110992529348986,0.700094879458843,523,605,103,1520,0.257360959651036,0.09215002579257334,0.19248611531179094,0.7218283932652517,0.7340296597080618
temporal_reconstructed,importance,none,45,0,target_val,500,2751,0.7728516694033936,0.8699938385705484,0.8185507246376812,0.7510430185760544,713,415,211,1412,0.22755361686659398,0.10823528340133375,0.1871993113112805,0.7700918315176781,0.7983666551492453
temporal_reconstructed,pseudo_label,none,45,0,target_val,500,2751,0.7605479452054794,0.8552064078866297,0.8051044083526682,0.7338975301844496,691,437,235,1388,0.24427480916030533,0.117958786312551,0.19441000963058233,0.763622876819479,0.8095344173667073
temporal_reconstructed,target_full,none,45,9249,target_val,500,2751,0.9081153588195842,0.8342575477510783,0.8696210661528581,0.8564018235209292,991,137,269,1354,0.1475826972010178,0.0542739718354016,0.10372277750372609,0.9304484952565732,0.9395251636939772
temporal_reconstructed,source_only,none,46,0,target_val,500,2751,0.7721032399780341,0.8662969808995687,0.8164924506387921,0.7491945897405645,713,415,217,1406,0.22973464194838242,0.10618318535726091,0.1895942567944744,0.7654248764436754,0.7953072138634736
temporal_reconstructed,coral,none,46,0,target_val,500,2751,0.7173194903256253,0.9365372766481824,0.8123997862105826,0.7027544539269281,529,599,103,1520,0.25517993456924754,0.08701865396236166,0.19000563582413812,0.7320848791529565,0.7396365301259361
temporal_reconstructed,importance,none,46,0,target_val,500,2751,0.7710843373493976,0.8675292667898953,0.8164685416062627,0.7484809454516852,710,418,215,1408,0.2300981461286805,0.09852644045671824,0.18794164320146853,0.7692642991046265,0.8006549991479792
temporal_reconstructed,pseudo_label,none,46,0,target_val,500,2751,0.7650602409638554,0.8607516943930992,0.8100898811249637,0.7402162727284645,699,429,226,1397,0.23809523809523808,0.11157084088311223,0.19204428444255112,0.7673153646823369,0.8090253381068326
temporal_reconstructed,target_full,none,46,9249,target_val,500,2751,0.9053691275167786,0.8311768330252619,0.8666880822357854,0.8530884165126309,987,141,274,1349,0.15085423482370047,0.053254383123581786,0.10384852067712878,0.9304244613119038,0.9396966883081825
alphaearth,source_only,none,42,0,target_val,500,2751,0.7320596458527493,0.9679605668515096,0.8336428760944548,0.7291043969009321,553,575,52,1571,0.22791712104689205,0.14341078098161805,0.1521201902707567,0.9077080137911144,0.9308767351495719
alphaearth,coral,none,42,0,target_val,500,2751,0.7381522259454284,0.9500924214417745,0.8308189655172413,0.7325816717137951,581,547,81,1542,0.22828062522719011,0.13278261479560155,0.14594705229342994,0.9005243223520056,0.9171528539142487
alphaearth,importance,none,42,0,target_val,500,2751,0.7286571296723581,0.9728897104128158,0.833245382585752,0.7258065573340675,540,588,44,1579,0.22973464194838242,0.14732781397881198,0.1529870816260261,0.9065980825281963,0.9277364254799435
alphaearth,pseudo_label,none,42,0,target_val,500,2751,0.6948861194671251,0.9963031423290203,0.8187341772151899,0.6834352591077726,418,710,6,1617,0.26026899309342055,0.2095575499549502,0.18690542664256019,0.9125442989298339,0.9335268136619641
alphaearth,target_full,none,42,9249,target_val,500,2751,0.8926214757048591,0.9168207024029574,0.9045592705167174,0.8790663795702731,949,179,135,1488,0.11414031261359506,0.02983976029235018,0.08442206897750905,0.9490087090275867,0.9569563274957444
alphaearth,source_only,none,43,0,target_val,500,2751,0.7362534948741846,0.973505853357979,0.838418678694614,0.7358664018562945,562,566,43,1580,0.22137404580152673,0.1430512507896209,0.15137245027938004,0.9076424666692886,0.9294277358177426
alphaearth,coral,none,43,0,target_val,500,2751,0.739443378119002,0.9494762784966112,0.8314000539519827,0.7340466498866034,585,543,82,1541,0.22719011268629588,0.13100394737196533,0.14573547746948412,0.8998543761443436,0.9143459475422548
alphaearth,importance,none,43,0,target_val,500,2751,0.7366946778711485,0.9722735674676525,0.8382470119521912,0.7361367837338262,564,564,45,1578,0.22137404580152673,0.13408319108398126,0.14734025872352224,0.9101824176400415,0.9304650715308654
alphaearth,pseudo_label,none,43,0,target_val,500,2751,0.683565694972539,0.9969192852741836,0.8110275689223058,0.666456096537801,379,749,5,1618,0.2740821519447474,0.21704968352780263,0.19290720871491204,0.9104743754451743,0.9325333210983622
alphaearth,target_full,none,43,9249,target_val,500,2751,0.8903456495828367,0.9205175600739371,0.9051802484095729,0.8786984963490253,944,184,129,1494,0.11377680843329699,0.029577740408961467,0.08439806008277549,0.9491206853607057,0.9572686883433553
alphaearth,source_only,none,44,0,target_val,500,2751,0.7334883720930233,0.9716574245224893,0.8359395706334481,0.731839350559117,555,573,46,1577,0.22500908760450744,0.14138137691207614,0.14969913937314858,0.9095438794282543,0.931162625850161
alphaearth,coral,none,44,0,target_val,500,2751,0.7386091127098321,0.9488601355514479,0.8306364617044228,0.7328520535913268,583,545,83,1540,0.22828062522719011,0.1303337592450466,0.144767645412557,0.9006272859558736,0.9135432208978276
alphaearth,importance,none,44,0,target_val,500,2751,0.7328385899814471,0.973505853357979,0.836200052924054,0.7314337777428193,552,576,43,1580,0.22500908760450744,0.1428610696130735,0.15164530918255664,0.907236074513968,0.9288936260387188
alphaearth,pseudo_label,none,44,0,target_val,500,2751,0.687526607066837,0.9950708564386938,0.8131923464249748,0.6721808182902689,394,734,8,1615,0.2697201017811705,0.2107380487244954,0.1885816474976054,0.9122304920840925,0.9320193370972787
alphaearth,target_full,none,44,9249,target_val,500,2751,0.8919402985074627,0.9205175600739371,0.9060036385688296,0.8800282835830678,947,181,129,1494,0.11268629589240277,0.02633633730461738,0.08470506665835273,0.9487126545273397,0.9574000053798183
alphaearth,source_only,none,45,0,target_val,500,2751,0.726605504587156,0.9759704251386322,0.8330265579805417,0.7238008154061956,532,596,39,1584,0.23082515448927662,0.15021141940206423,0.15394990384091015,0.9074518337899783,0.9287925300376105
alphaearth,coral,none,45,0,target_val,500,2751,0.7375954198473282,0.9525569932224276,0.8314062920139823,0.7324841703700791,578,550,77,1546,0.22791712104689205,0.13297091843776168,0.14625713479795724,0.9002206206875457,0.9139320472595831
alphaearth,importance,none,45,0,target_val,500,2751,0.7277752187931829,0.973505853357979,0.8328940432261466,0.7247848415726066,537,591,43,1580,0.23046165030897856,0.14868428621524993,0.15265924578032553,0.9092401777637944,0.9311739149373331
alphaearth,pseudo_label,none,45,0,target_val,500,2751,0.6858594411515665,0.9981515711645101,0.8130489335006273,0.6701750763623969,386,742,3,1620,0.2708106143220647,0.22482658702838304,0.1991355017258476,0.9099459017754531,0.9289564400841819
alphaearth,target_full,none,45,9249,target_val,500,2751,0.8943577430972389,0.9180529882932841,0.9060504712678625,0.8810123097494789,952,176,133,1490,0.11232279171210469,0.029651133777779646,0.08423297820706983,0.9491698457020752,0.9573861099888519
alphaearth,source_only,none,46,0,target_val,500,2751,0.7298294144767173,0.9753542821934689,0.834915611814346,0.7279253680470891,542,586,40,1583,0.22755361686659398,0.14666446105312247,0.15026023558022814,0.9085546641146987,0.9273831189248503
alphaearth,coral,none,46,0,target_val,500,2751,0.7376970855231725,0.9513247073321011,0.8310010764262648,0.7323112898362634,579,549,79,1544,0.22828062522719011,0.13410835595610687,0.14639150487130978,0.9002023221160359,0.916738578571538
alphaearth,importance,none,46,0,target_val,500,2751,0.7284921369102683,0.9704251386321626,0.8322324966974901,0.7250175338550884,541,587,48,1575,0.23082515448927662,0.14634252004936874,0.15297764522517332,0.906187320564754,0.9288488656480096
alphaearth,pseudo_label,none,46,0,target_val,500,2751,0.6803863922721546,0.9981515711645101,0.8091908091908092,0.6617530905467941,367,761,3,1620,0.2777171937477281,0.21795515936707047,0.19238395767715363,0.9119508243643021,0.9324804578713092
alphaearth,target_full,none,46,9249,target_val,500,2751,0.8938848920863309,0.9186691312384473,0.9061075660893345,0.880877118810713,951,177,132,1491,0.11232279171210469,0.03313626775028148,0.08465388091355837,0.9487011837810201,0.9582488118784702
presto_primary,source_only,none,42,0,target_val,500,2751,0.7602918186555497,0.8989525569932224,0.823828345567476,0.7455755692767531,668,460,164,1459,0.2268266085059978,0.06753462243015221,0.17004473372939452,0.8143197519696911,0.831438463835727
presto_primary,coral,none,42,0,target_val,500,2751,0.7230070635721494,0.8829328404189772,0.7950069348127601,0.6981153563797013,579,549,190,1433,0.26862958924027625,0.06475790770223891,0.1894256221058439,0.7744048321338209,0.8026302489085305
presto_primary,importance,none,42,0,target_val,500,2751,0.7580477673935618,0.8995686999383857,0.8227669766131305,0.7432240662812496,662,466,163,1460,0.22864412940748818,0.07471734987682488,0.17346004729528106,0.8053649226762453,0.82076015080347
presto_primary,pseudo_label,none,42,0,target_val,500,2751,0.7502558853633572,0.9032655576093653,0.8196812971764048,0.7353207220670941,640,488,157,1466,0.23446019629225737,0.08265964238747053,0.16799879673343635,0.8294401074098837,0.8565333360544585
presto_primary,target_full,none,42,9249,target_val,500,2751,0.8884913536076327,0.9180529882932841,0.9030303030303031,0.8761364232246562,941,187,133,1490,0.1163213376953835,0.035631855438063575,0.08630585085176233,0.9453648352800829,0.9527880408652745
presto_primary,source_only,none,43,0,target_val,500,2751,0.7627206645898235,0.9051139864448552,0.8278388278388278,0.749986071236612,671,457,154,1469,0.22210105416212286,0.07407424531501557,0.170233619971775,0.8134796563582894,0.8337477794024142
presto_primary,coral,none,43,0,target_val,500,2751,0.7219708396178984,0.884781269254467,0.7951273532668881,0.6972665211520561,575,553,187,1436,0.2689930934205743,0.06893221454385712,0.19042158390301397,0.7738214627495706,0.8038530424417925
presto_primary,importance,none,43,0,target_val,500,2751,0.7577639751552795,0.9020332717190388,0.8236286919831224,0.7435698273488811,660,468,159,1464,0.22791712104689205,0.07493290324776364,0.17108618627002178,0.8088503908793365,0.8256710614506413
presto_primary,pseudo_label,none,43,0,target_val,500,2751,0.747577766445691,0.9032655576093653,0.8180803571428571,0.7322178851876614,633,495,157,1466,0.23700472555434388,0.07575070850442132,0.16966541303848443,0.8262378573956817,0.8563158741730719
presto_primary,target_full,none,43,9249,target_val,500,2751,0.8876941457586619,0.9155884165126309,0.9014255383682135,0.8744608749229821,940,188,137,1486,0.11813885859687387,0.036956744504960636,0.08629310308998538,0.94583895946129,0.9538915936116421
presto_primary,source_only,none,44,0,target_val,500,2751,0.7627471383975026,0.9032655576093653,0.8270803949224259,0.7495051192302146,672,456,157,1466,0.222828062522719,0.08169704926430008,0.17069331920550376,0.8111778599301704,0.8281313368841203
presto_primary,coral,none,44,0,target_val,500,2751,0.7190165579528349,0.8829328404189772,0.7925884955752213,0.6932394698548787,568,560,190,1433,0.27262813522355506,0.06903440359101291,0.1909910200766863,0.7731550670110077,0.8056553509621271
presto_primary,importance,none,44,0,target_val,500,2751,0.7581733264141152,0.9001848428835489,0.8230985915492958,0.7435321377538312,662,466,162,1461,0.22828062522719011,0.08360023625082622,0.169534065140823,0.8166761709993315,0.8411528149698803
presto_primary,pseudo_label,none,44,0,target_val,500,2751,0.7534526854219948,0.9075785582255084,0.8233650083845724,0.7401367968432506,646,482,150,1473,0.22973464194838242,0.07835201731550558,0.16538006928382556,0.8334436709884069,0.8575466068446098
presto_primary,target_full,none,44,9249,target_val,500,2751,0.8896882494004796,0.9143561306223044,0.9018535399574598,0.8756177816232089,944,184,139,1484,0.11741185023627772,0.037625432773505885,0.08606150524533308,0.945722613320049,0.9528170003200765
presto_primary,source_only,none,45,0,target_val,500,2751,0.7599164926931107,0.8971041281577325,0.8228313082791749,0.7446513548590081,668,460,167,1456,0.22791712104689205,0.07938109226693867,0.1715588730705746,0.8127575455661742,0.8339140570814099
presto_primary,coral,none,45,0,target_val,500,2751,0.7204246713852376,0.878003696857671,0.7914468203276868,0.6938777349536582,575,553,198,1425,0.2729916394038531,0.06375886290827767,0.19119800579743346,0.7708904139519234,0.800957007420923
presto_primary,importance,none,45,0,target_val,500,2751,0.7569803516028956,0.9020332717190388,0.8231655889794771,0.7426833025261861,658,470,159,1464,0.22864412940748818,0.06769839775255496,0.17080871642027787,0.8098849429521551,0.8294775434788593
presto_primary,pseudo_label,none,45,0,target_val,500,2751,0.7502553626149132,0.9051139864448552,0.8204412175370008,0.7358016740734914,639,489,154,1469,0.2337331879316612,0.07921784576684827,0.16680097794133295,0.828231582351219,0.855365262652919
presto_primary,target_full,none,45,9249,target_val,500,2751,0.8863095238095238,0.9174368453481208,0.9016046018770815,0.8740553021066845,937,191,134,1489,0.11813885859687387,0.03697314133163933,0.0862672203022809,0.9454423993742436,0.9531623045788501
presto_primary,source_only,none,46,0,target_val,500,2751,0.7653221581980094,0.9001848428835489,0.8272933182332955,0.7515108611580865,680,448,162,1461,0.2217375499818248,0.07337352206689411,0.17036648146117248,0.8111194137465425,0.8297958228817786
presto_primary,coral,none,46,0,target_val,500,2751,0.7222501255650426,0.8860135551447936,0.7957941339236303,0.6978826640972196,575,553,185,1438,0.2682660850599782,0.0691510981046726,0.18974083907874797,0.77732768754124,0.8082875393358752
presto_primary,importance,none,46,0,target_val,500,2751,0.7618551328817093,0.9008009858287123,0.8255223037831734,0.7478295709285405,671,457,161,1462,0.22464558342420937,0.06842450484853498,0.16996826591527794,0.8130011623689604,0.8322030663854776
presto_primary,pseudo_label,none,46,0,target_val,500,2751,0.7560598246518824,0.9032655576093653,0.8231330713082537,0.7419696582373068,655,473,157,1466,0.22900763358778625,0.0765982128060733,0.1648777837014966,0.8331541712003425,0.8624048845990044
presto_primary,target_full,none,46,9249,target_val,500,2751,0.8855780691299165,0.9155884165126309,0.9003332323538322,0.872687825277592,936,192,137,1486,0.11959287531806616,0.034488434697265265,0.08665999392862765,0.9451332354496313,0.9528161986683796
galileo,source_only,none,42,0,target_val,500,2751,0.7117805755395683,0.9753542821934689,0.8229789446321809,0.7035459354229756,487,641,40,1583,0.247546346782988,0.12921210978603578,0.18324154579707774,0.8148840034434088,0.8165623111226561
galileo,coral,none,42,0,target_val,500,2751,0.6825817860300619,0.9513247073321011,0.7948519948519949,0.6573999423185328,410,718,79,1544,0.2897128316975645,0.1485633971584398,0.18867915922187845,0.8166029767132925,0.8228106678411196
galileo,importance,none,42,0,target_val,500,2751,0.7202543142597638,0.9772027110289587,0.829281045751634,0.7155517101244084,512,616,37,1586,0.23736822973464194,0.1334510332538455,0.18042034962188908,0.8122812364809061,0.8140172660166551
galileo,pseudo_label,none,42,0,target_val,500,2751,0.6725738396624472,0.982131854590265,0.7983971950914099,0.6470942960894588,352,776,29,1594,0.2926208651399491,0.1998014745601494,0.2022894711308176,0.8300677211013665,0.8353481231251104
galileo,target_full,none,42,9249,target_val,500,2751,0.8573127229488704,0.8884781269254467,0.8726172465960665,0.837856084739319,888,240,181,1442,0.1530352599054889,0.04405644987434451,0.10943241229732469,0.9191301459952894,0.9326314715190792
galileo,source_only,none,43,0,target_val,500,2751,0.7125451263537906,0.9728897104128158,0.8226100547017452,0.7040866991780391,491,637,44,1579,0.247546346782988,0.13438447135561277,0.18383824013643646,0.8182684198336851,0.8252920750015011
galileo,coral,none,43,0,target_val,500,2751,0.6911764705882353,0.955637707948244,0.8021722265321956,0.6706380029102922,435,693,72,1551,0.2780806979280262,0.14848725229246812,0.1873251553342701,0.8196555607993252,0.8329801777260913
galileo,importance,none,43,0,target_val,500,2751,0.7205279927173418,0.9753542821934689,0.8287958115183246,0.7155140205293585,514,614,40,1583,0.23773173391494,0.1284097367767983,0.18022801944131978,0.8115471087164562,0.8142256456321844
galileo,pseudo_label,none,43,0,target_val,500,2751,0.6705931846865797,0.982131854590265,0.797,0.6439914592100261,345,783,29,1594,0.2951653944020356,0.19926322722693135,0.2016414314353332,0.83245117831876,0.8392340125267793
galileo,target_full,none,43,9249,target_val,500,2751,0.8548387096774194,0.8817005545286506,0.8680618744313012,0.8331375113068784,885,243,192,1431,0.15812431842966193,0.04214731865325844,0.10971435322981002,0.91873959439441,0.9321379557539017
galileo,source_only,none,44,0,target_val,500,2751,0.7074041034790366,0.9772027110289587,0.8206985769728331,0.6978212136705078,472,656,37,1586,0.25190839694656486,0.13768939459130142,0.18617097597418175,0.8148233723557198,0.8222755680387583
galileo,coral,none,44,0,target_val,500,2751,0.6871111111111111,0.9525569932224276,0.7983475342112057,0.6642217590225613,424,704,77,1546,0.28389676481279535,0.14686532162042398,0.18843238142958701,0.8161009950053094,0.822463595459106
galileo,importance,none,44,0,target_val,500,2751,0.7216916780354706,0.977818853974122,0.8304552590266876,0.7176328312423802,516,612,36,1587,0.23555070883315157,0.12847226768236103,0.17889006494926046,0.8155506722949795,0.8174655770396388
galileo,pseudo_label,none,44,0,target_val,500,2751,0.6731418918918919,0.982131854590265,0.7987972939113004,0.6479808209121538,354,774,29,1594,0.291893856779353,0.2014932543531542,0.20178330309762052,0.8329119199625945,0.8338036954014295
galileo,target_full,none,44,9249,target_val,500,2751,0.8539057841383423,0.8823166974738139,0.8678787878787879,0.8325590579567651,883,245,191,1432,0.15848782260996003,0.04137309226898452,0.10973079542396054,0.9188215282966925,0.9332204361092804
galileo,source_only,none,45,0,target_val,500,2751,0.7080911935628074,0.9759704251386322,0.8207253886010363,0.6985348579593871,475,653,39,1584,0.2515448927662668,0.13805529225363852,0.18402319845292375,0.8192259540383582,0.8230944841200072
galileo,coral,none,45,0,target_val,500,2751,0.6870567375886525,0.9550215650030807,0.7991750451147203,0.6645675200901928,422,706,73,1550,0.2831697564521992,0.14783277735642217,0.18896470580818256,0.8151972640631349,0.8256615984823802
galileo,importance,none,45,0,target_val,500,2751,0.7222222222222222,0.9772027110289587,0.8305839224927991,0.7182112845924935,518,610,37,1586,0.2351872046528535,0.13233520839351243,0.17701294829764186,0.822571042155539,0.8255584896992512
galileo,pseudo_label,none,45,0,target_val,500,2751,0.6697401508801342,0.984596426370918,0.7972062858568222,0.6430074330436151,340,788,25,1598,0.2955288985823337,0.2043807168289581,0.20445495349265255,0.8313770248598383,0.8373660035398145
galileo,target_full,none,45,9249,target_val,500,2751,0.8554360812425329,0.8823166974738139,0.8686684865028814,0.8338888451908077,886,242,191,1432,0.1573973100690658,0.042692163934074566,0.10954902925003968,0.9191902308569629,0.932589900860303
galileo,source_only,none,46,0,target_val,500,2751,0.7121621621621622,0.9741219963031423,0.8227946916471507,0.7038163173005073,489,639,42,1581,0.247546346782988,0.13654141783847487,0.18524804067595688,0.817903540855521,0.8239709514012286
galileo,coral,none,46,0,target_val,500,2751,0.6913470115967886,0.9550215650030807,0.8020698576972833,0.6707731938490581,436,692,73,1550,0.2780806979280262,0.14272674029031895,0.18716436720277252,0.8165707493783947,0.8229941203169835
galileo,importance,none,46,0,target_val,500,2751,0.7218934911242604,0.9772027110289587,0.8303664921465969,0.717768022181146,517,611,37,1586,0.23555070883315157,0.13145271843306838,0.18119684238978562,0.8126750654378767,0.814682035252493
galileo,pseudo_label,none,46,0,target_val,500,2751,0.6730038022813688,0.9815157116451017,0.7984962406015037,0.6476727494395721,354,774,30,1593,0.29225736095965105,0.20022878686838713,0.2011546165094152,0.8345891069423141,0.8395284568626463
galileo,target_full,none,46,9249,target_val,500,2751,0.8513432835820895,0.8786198398028343,0.8647665251667678,0.8289375794758853,879,249,197,1426,0.16212286441294074,0.043803261072567,0.11010156267003564,0.9182518145628226,0.9319355831559667
