representation,score,domain_auroc,domain_auprc,domain_target_prevalence,error_auroc,error_auprc,error_prevalence,sample_spearman,block_spearman,error_auroc_ci_low,error_auroc_ci_high,bootstrap_valid,aurc,risk_at_50,risk_at_70,risk_at_80,risk_at_90,risk_at_100
temporal_reconstructed,euclidean_nn,1.0,1.0,0.8975530179445351,0.36882969713245256,0.17570810609001453,0.2337331879316612,-0.19229871066855242,-0.3766325999777406,0.30074077480527756,0.43755473585057436,500,0.2911139147808506,0.2914244186046512,0.26895119418483904,0.2685143116765107,0.25848142164781907,0.2337331879316612
temporal_reconstructed,cosine_nn,0.9953659005295122,0.9988276863720253,0.8975530179445351,0.4616040943041542,0.2053460044287233,0.2337331879316612,-0.056289289636644764,0.2658189194509565,0.4015905962046427,0.5302667188200237,500,0.2513534709632695,0.2449127906976744,0.2481827622014538,0.25124943207632894,0.24636510500807754,0.2337331879316612
temporal_reconstructed,cosine_knn,0.9945960588737853,0.9977551225798859,0.8975530179445351,0.45565880995452407,0.2029439111862092,0.2337331879316612,-0.06500521451005847,0.25242753811841456,0.3950806406405943,0.5253072725143962,500,0.25456612745738827,0.24345930232558138,0.2533748701973001,0.2521581099500227,0.24838449111470112,0.2337331879316612
temporal_reconstructed,mahalanobis,1.0,1.0,0.8975530179445351,0.37440204095484575,0.17683973531725783,0.2337331879316612,-0.18412952519727904,-0.37797173811099477,0.3074113246965093,0.4421917876319051,500,0.2843609910182655,0.28851744186046513,0.26947040498442365,0.27033166742389825,0.25848142164781907,0.2337331879316612
temporal_reconstructed,centroid,0.999984950463873,0.9999982791102994,0.8975530179445351,0.36945532238882606,0.1759521156574448,0.2337331879316612,-0.19138152953902116,-0.3766325999777406,0.3011018360424561,0.4376659407477774,500,0.2959975119629072,0.2921511627906977,0.26947040498442365,0.2676056338028169,0.25848142164781907,0.2337331879316612
temporal_reconstructed,entropy,0.7804318985337122,0.9562635274762853,0.8975530179445351,0.5235804651464759,0.2901379607217208,0.2337331879316612,0.03456950960318274,-0.2668232730508971,0.4516024708827333,0.5847620231096179,500,0.23201550932741302,0.22529069767441862,0.21599169262720663,0.21444797819173103,0.21890145395799676,0.2337331879316612
temporal_reconstructed,confidence,0.7804318985337122,0.9562635274762853,0.8975530179445351,0.5235804651464759,0.2901379607217208,0.2337331879316612,0.03456950960318274,-0.18312713972251032,0.4516024708827333,0.5847620231096179,500,0.23201550932741302,0.22529069767441862,0.21599169262720663,0.21444797819173103,0.21890145395799676,0.2337331879316612
temporal_reconstructed,margin,0.7804318985337122,0.9562635274762853,0.8975530179445351,0.5235804651464759,0.2901379607217208,0.2337331879316612,0.03456950960318274,-0.18312713972251032,0.4516024708827333,0.5847620231096179,500,0.23201550932741302,0.22529069767441862,0.21599169262720663,0.21444797819173103,0.21890145395799676,0.2337331879316612
temporal_reconstructed,vote_uncertainty,0.7909526819431035,0.9570276205567168,0.8975530179445351,0.5269989022047389,0.2622809633493739,0.2337331879316612,0.03958154997379097,-0.017743580265618,0.4655828493435816,0.5881529842591767,500,0.23737448980388484,0.22533344733242133,0.2130180307750401,0.21462466555606036,0.2251259146631189,0.2337331879316612
temporal_reconstructed,tree_variance,0.7665539109113767,0.9535203074883283,0.8975530179445351,0.5434403782081738,0.3002134859415112,0.2337331879316612,0.06368460343360875,-0.24974926185190624,0.4698046037559675,0.610220655614783,500,0.22368614764544684,0.2180232558139535,0.2082035306334372,0.20763289413902772,0.21405492730210016,0.2337331879316612
temporal_reconstructed,domain_probability,1.0,1.0,0.8975530179445351,0.443911367787972,0.21187403416098208,0.2337331879316612,-0.10129724980779531,-0.17074011198990907,0.4191423280296868,0.4664104131500473,500,0.2687351347919908,0.2618238744355532,0.2457745538598093,0.2407577739615304,0.23685538378217455,0.2337331879316612
alphaearth,euclidean_nn,0.9818803585031036,0.9973560813709363,0.8975530179445351,0.7870257736448638,0.5185546935717614,0.22791712104689205,0.41709211932189905,0.8195525375515637,0.7321199906463299,0.8403222198084663,500,0.09276666401232755,0.07412790697674419,0.12305295950155763,0.1640163562017265,0.19103392568659128,0.22791712104689205
alphaearth,cosine_nn,0.9767878270090552,0.9965482576937461,0.8975530179445351,0.799530016189249,0.5089162418570046,0.22791712104689205,0.4352626862891979,0.8235699519513262,0.7460260302435816,0.8488553715907252,500,0.08685431988014405,0.06177325581395349,0.12201453790238836,0.1599273057701045,0.19305331179321486,0.22791712104689205
alphaearth,cosine_knn,0.9591416670718464,0.9935375443242955,0.8975530179445351,0.7976629212133226,0.4638939894362733,0.22791712104689205,0.4325495131528718,0.8399743940836899,0.7439306719159063,0.8471657220248184,500,0.08383405593387264,0.05377906976744186,0.1261682242990654,0.16946842344388915,0.19789983844911146,0.22791712104689205
alphaearth,mahalanobis,0.9944664013317682,0.9990857264782571,0.8975530179445351,0.7602038824161929,0.5042682910644871,0.22791712104689205,0.37811583043200936,0.4345503242409842,0.693785516729845,0.8206351315259756,500,0.10132852768705089,0.10973837209302326,0.13811007268951195,0.15901862789641072,0.18618739903069467,0.22791712104689205
alphaearth,centroid,0.8748619494474505,0.9729155134574987,0.8975530179445351,0.6723178859664142,0.34190552568576144,0.22791712104689205,0.250404105985869,0.6695690666270944,0.6169730024559735,0.7333001648399178,500,0.161402062423675,0.12790697674418605,0.14953271028037382,0.17582916855974556,0.21405492730210016,0.22791712104689205
alphaearth,entropy,0.7971820322430524,0.9607558498592563,0.8975530179445351,0.7552329720037124,0.4298862260581485,0.22791712104689205,0.370892341292782,0.09106139306128484,0.6807199056967503,0.8070996389849313,500,0.09845338662498114,0.07340116279069768,0.15835929387331257,0.17219445706497047,0.19547657512116318,0.22791712104689205
alphaearth,confidence,0.7971820322430524,0.9607558498592563,0.8975530179445351,0.7552329720037124,0.4298862260581485,0.22791712104689205,0.370892341292782,0.14931390185784205,0.6807199056967503,0.8070996389849313,500,0.09845338662498114,0.07340116279069768,0.15835929387331257,0.17219445706497047,0.19547657512116318,0.22791712104689205
alphaearth,margin,0.7971820322430524,0.9607558498592563,0.8975530179445351,0.7552329720037124,0.4298862260581485,0.22791712104689205,0.370892341292782,0.14931390185784205,0.6807199056967503,0.8070996389849313,500,0.09845338662498114,0.07340116279069768,0.15835929387331257,0.17219445706497047,0.19547657512116318,0.22791712104689205
alphaearth,vote_uncertainty,0.813191844540607,0.9635437978229227,0.8975530179445351,0.7948538312053032,0.5457564667818948,0.22791712104689205,0.4284722836596799,0.25811887518474486,0.7407655826489578,0.8340123054388707,500,0.08887249617875649,0.06943202146690518,0.1240913811007269,0.15008329547175528,0.1829967689822294,0.22791712104689205
alphaearth,tree_variance,0.7912687222017702,0.9513542217847788,0.8975530179445351,0.7361858249458607,0.3714417891150632,0.22791712104689205,0.34321393864842525,-0.024774055465202494,0.648023731645963,0.7956261811283667,500,0.10250685832800664,0.07703488372093023,0.16926272066458983,0.186278964107224,0.20718901453957997,0.22791712104689205
alphaearth,domain_probability,0.9999988423433749,0.9999998679127252,0.8975530179445351,0.46300576385322145,0.21358120718525275,0.22791712104689205,-0.06075698879526193,-0.3391367322466233,0.4009153281073515,0.5190049142509008,500,0.2564917043700523,0.24529528763769887,0.23536645351697,0.23226284703125372,0.22984865232548252,0.22791712104689205
presto_primary,euclidean_nn,0.8081323062603755,0.9609770486948175,0.8975530179445351,0.4411715067568382,0.19381061330185043,0.2268266085059978,-0.08534219843463468,-0.156009592524113,0.36675736825160277,0.5014359702767734,500,0.26379875282328885,0.24854651162790697,0.24922118380062305,0.2417083144025443,0.2386914378029079,0.2268266085059978
presto_primary,cosine_nn,0.8009270514254226,0.9607801891043202,0.8975530179445351,0.4234257651923379,0.18825097180668593,0.2268266085059978,-0.11108585636213658,-0.13625730505861372,0.3486294471262995,0.48270418077985267,500,0.27861901499548847,0.2543604651162791,0.24922118380062305,0.24806905951840072,0.2403069466882068,0.2268266085059978
presto_primary,cosine_knn,0.7043680699780278,0.943171071239044,0.8975530179445351,0.43807449700432777,0.19058211080155163,0.2268266085059978,-0.08983501487516102,-0.12721812265914792,0.3568843803489786,0.5029214250750572,500,0.26146775363444075,0.24709302325581395,0.2564901349948079,0.25079509313948206,0.24151857835218093,0.2268266085059978
presto_primary,mahalanobis,0.9572245877005929,0.9911707124989857,0.8975530179445351,0.35593348040456646,0.16991253326877942,0.2268266085059978,-0.20899657334891608,-0.2845668533165151,0.27954447534107985,0.4145773669995923,500,0.3270405477265605,0.2805232558139535,0.25960539979231567,0.2557928214447978,0.2451534733441034,0.2268266085059978
presto_primary,centroid,0.5328496643953444,0.9013360448564158,0.8975530179445351,0.5060049063927766,0.21179791358882394,0.2268266085059978,0.00871128741705992,-0.17074011198990907,0.38837700610213,0.603934533631455,500,0.21469238543711466,0.20712209302325582,0.2398753894080997,0.2562471603816447,0.23990306946688206,0.2268266085059978
presto_primary,entropy,0.7506986457732798,0.9468580383678638,0.8975530179445351,0.6230282509372777,0.336754345799498,0.2268266085059978,0.17847646314294432,0.34984983731265684,0.5450119073816664,0.6958538839249877,500,0.17892227267312455,0.16279069767441862,0.1687435098650052,0.18355293048614266,0.20718901453957997,0.2268266085059978
presto_primary,confidence,0.7506986457732798,0.9468580383678638,0.8975530179445351,0.6230282509372777,0.336754345799498,0.2268266085059978,0.17847646314294432,0.4626722250393222,0.5450119073816664,0.6958538839249877,500,0.17892227267312455,0.16279069767441862,0.1687435098650052,0.18355293048614266,0.20718901453957997,0.2268266085059978
presto_primary,margin,0.7506986457732798,0.9468580383678638,0.8975530179445351,0.6230282509372777,0.336754345799498,0.2268266085059978,0.17847646314294432,0.4626722250393222,0.5450119073816664,0.6958538839249877,500,0.17892227267312455,0.16279069767441862,0.1687435098650052,0.18355293048614266,0.20718901453957997,0.2268266085059978
presto_primary,vote_uncertainty,0.7579716235208043,0.9443029015671376,0.8975530179445351,0.6332433727532458,0.3684105844275991,0.2268266085059978,0.1932986714821717,0.5661206458332083,0.5632187673187515,0.7021536255690728,500,0.1824172911323575,0.15313538205980068,0.16796469366562825,0.18302869325131932,0.20124624971151628,0.2268266085059978
presto_primary,tree_variance,0.7565170279712994,0.9475145377763916,0.8975530179445351,0.629851391751956,0.34743692444229546,0.2268266085059978,0.1883747591103549,0.3890196277103419,0.552466211861656,0.7016806931447307,500,0.17680439335694093,0.1620639534883721,0.16251298026998962,0.18355293048614266,0.2055735056542811,0.2268266085059978
presto_primary,domain_probability,0.9994732662355553,0.9999399314395045,0.8975530179445351,0.3944515267681699,0.18401811706414362,0.2268266085059978,-0.15745546979137617,-0.6789430335598737,0.3463563241336976,0.43499805920546913,500,0.2885915657514546,0.28704798108867874,0.25849958063743106,0.24530370810470764,0.2350390673542935,0.2268266085059978
galileo,euclidean_nn,0.8367669428835375,0.9713523377180656,0.8975530179445351,0.44387622635084806,0.225434901521404,0.247546346782988,-0.08390844145621117,-0.3356749793910726,0.3667822539513285,0.5170246030173578,500,0.27076198204420077,0.27834302325581395,0.2632398753894081,0.2616992276238074,0.26453957996768984,0.247546346782988
galileo,cosine_nn,0.8273731381987326,0.9681952300885566,0.8975530179445351,0.4590148758220009,0.24092018958393155,0.247546346782988,-0.06127524415585491,-0.2714501701802246,0.38045334780604123,0.5350860110411751,500,0.2666712455324306,0.25944767441860467,0.26064382139148495,0.2612448886869605,0.2588852988691438,0.247546346782988
galileo,cosine_knn,0.6982162826719641,0.9425004013885263,0.8975530179445351,0.48985046145551797,0.25137073902137397,0.247546346782988,-0.01517417497748439,-0.22110728587692977,0.40653588641866645,0.5659294647950274,500,0.2503931113965334,0.24563953488372092,0.24558670820353062,0.25897319400272606,0.26090468497576735,0.247546346782988
galileo,mahalanobis,0.8366916952029024,0.9706205267988661,0.8975530179445351,0.3726162860811395,0.18899244034208557,0.247546346782988,-0.19044636892474828,-0.5666501395998774,0.31105657164168515,0.42926670546248985,500,0.3162239722524938,0.31468023255813954,0.28400830737279337,0.26942298955020444,0.2726171243941842,0.247546346782988
galileo,centroid,0.543197956967588,0.905411988242466,0.8975530179445351,0.5061964857023274,0.23859548654730742,0.247546346782988,0.009264121494008857,-0.1572169808807216,0.4242095496785998,0.571613737371465,500,0.232721601328045,0.2311046511627907,0.2564901349948079,0.2666969559291231,0.2605008077544427,0.247546346782988
galileo,entropy,0.7443778405999439,0.947317844639702,0.8975530179445351,0.6198046351273703,0.3516783637565906,0.247546346782988,0.17911518713714045,0.002174277395158916,0.5696508867492209,0.6654976117519855,500,0.188140815767224,0.17805232558139536,0.20093457943925233,0.21035892776010903,0.22697899838449112,0.247546346782988
galileo,confidence,0.7443778405999439,0.947317844639702,0.8975530179445351,0.6198046351273703,0.3516783637565906,0.247546346782988,0.17911518713714045,0.09667171803091179,0.5696508867492209,0.6654976117519855,500,0.188140815767224,0.17805232558139536,0.20093457943925233,0.21035892776010903,0.22697899838449112,0.247546346782988
galileo,margin,0.7443778405999439,0.947317844639702,0.8975530179445351,0.6198046351273703,0.3516783637565906,0.247546346782988,0.17911518713714045,0.09667171803091179,0.5696508867492209,0.6654976117519855,500,0.188140815767224,0.17805232558139536,0.20093457943925233,0.21035892776010903,0.22697899838449112,0.247546346782988
galileo,vote_uncertainty,0.7549524550424048,0.9499384911267571,0.8975530179445351,0.6462735959479878,0.44297493662110865,0.247546346782988,0.21869040552621224,0.22110728587692977,0.5998590903938069,0.6911876117223558,500,0.1814047360871513,0.18332122093023256,0.1868005076727818,0.1938629294376682,0.21082390953150243,0.247546346782988
galileo,tree_variance,0.7415543160911955,0.9457307616636283,0.8975530179445351,0.6229011045138224,0.36199332066100365,0.247546346782988,0.18374459642382723,0.04298379158121857,0.5748349379053944,0.6663509090665541,500,0.1872959920827294,0.1751453488372093,0.19885773624091382,0.21172194457064972,0.22495961227786754,0.247546346782988
galileo,domain_probability,0.9951065854454779,0.9994265470801268,0.8975530179445351,0.3826019564862698,0.19623653775274996,0.247546346782988,-0.17650931752411547,-0.5893964261953861,0.32355078102103296,0.443433778475164,500,0.3184609361096477,0.3066860465116279,0.2866043613707165,0.2719014714503937,0.25837139310628365,0.247546346782988
