requested_coverage,n_accepted,coverage,risk,accuracy,f1_expected_counts,representation,score
0.5,1376,0.500181752090149,0.2914244186046512,0.7085755813953488,0.7603108188882247,temporal_reconstructed,euclidean_nn
0.7,1926,0.7001090512540894,0.26895119418483904,0.731048805815161,0.7998454404945904,temporal_reconstructed,euclidean_nn
0.8,2201,0.8000727008360596,0.2685143116765107,0.7314856883234893,0.8042398145081153,temporal_reconstructed,euclidean_nn
0.9,2476,0.9000363504180298,0.25848142164781907,0.7415185783521809,0.812206572769953,temporal_reconstructed,euclidean_nn
1.0,2751,1.0,0.2337331879316612,0.7662668120683388,0.8129182426534769,temporal_reconstructed,euclidean_nn
0.5,1376,0.500181752090149,0.2449127906976744,0.7550872093023255,0.7674258109040718,temporal_reconstructed,cosine_nn
0.7,1926,0.7001090512540894,0.2481827622014538,0.7518172377985461,0.7825295723384895,temporal_reconstructed,cosine_nn
0.8,2201,0.8000727008360596,0.25124943207632894,0.748750567923671,0.7854093907644548,temporal_reconstructed,cosine_nn
0.9,2476,0.9000363504180298,0.24636510500807754,0.7536348949919225,0.7976111479761114,temporal_reconstructed,cosine_nn
1.0,2751,1.0,0.2337331879316612,0.7662668120683388,0.8129182426534769,temporal_reconstructed,cosine_nn
0.5,1376,0.500181752090149,0.24345930232558138,0.7565406976744187,0.7684865238424327,temporal_reconstructed,cosine_knn
0.7,1926,0.7001090512540894,0.2533748701973001,0.7466251298026999,0.7775752051048314,temporal_reconstructed,cosine_knn
0.8,2201,0.8000727008360596,0.2521581099500227,0.7478418900499773,0.785796989579313,temporal_reconstructed,cosine_knn
0.9,2476,0.9000363504180298,0.24838449111470112,0.7516155088852989,0.7960199004975125,temporal_reconstructed,cosine_knn
1.0,2751,1.0,0.2337331879316612,0.7662668120683388,0.8129182426534769,temporal_reconstructed,cosine_knn
0.5,1376,0.500181752090149,0.28851744186046513,0.7114825581395349,0.7635497319833234,temporal_reconstructed,mahalanobis
0.7,1926,0.7001090512540894,0.26947040498442365,0.7305295950155763,0.7989151491669896,temporal_reconstructed,mahalanobis
0.8,2201,0.8000727008360596,0.27033166742389825,0.7296683325761018,0.8023912321487878,temporal_reconstructed,mahalanobis
0.9,2476,0.9000363504180298,0.25848142164781907,0.7415185783521809,0.8123167155425219,temporal_reconstructed,mahalanobis
1.0,2751,1.0,0.2337331879316612,0.7662668120683388,0.8129182426534769,temporal_reconstructed,mahalanobis
0.5,1376,0.500181752090149,0.2921511627906977,0.7078488372093024,0.7607142857142857,temporal_reconstructed,centroid
0.7,1926,0.7001090512540894,0.26947040498442365,0.7305295950155763,0.7993815229996134,temporal_reconstructed,centroid
0.8,2201,0.8000727008360596,0.2676056338028169,0.7323943661971831,0.8051604366523322,temporal_reconstructed,centroid
0.9,2476,0.9000363504180298,0.25848142164781907,0.7415185783521809,0.8123167155425219,temporal_reconstructed,centroid
1.0,2751,1.0,0.2337331879316612,0.7662668120683388,0.8129182426534769,temporal_reconstructed,centroid
0.5,1376,0.500181752090149,0.22529069767441862,0.7747093023255813,0.8378661087866108,temporal_reconstructed,entropy
0.7,1926,0.7001090512540894,0.21599169262720663,0.7840083073727934,0.8360914105594957,temporal_reconstructed,entropy
0.8,2201,0.8000727008360596,0.21444797819173103,0.785552021808269,0.8328611898016998,temporal_reconstructed,entropy
0.9,2476,0.9000363504180298,0.21890145395799676,0.7810985460420032,0.8258354755784062,temporal_reconstructed,entropy
1.0,2751,1.0,0.2337331879316612,0.7662668120683388,0.8129182426534769,temporal_reconstructed,entropy
0.5,1376,0.500181752090149,0.22529069767441862,0.7747093023255813,0.8378661087866108,temporal_reconstructed,confidence
0.7,1926,0.7001090512540894,0.21599169262720663,0.7840083073727934,0.8360914105594957,temporal_reconstructed,confidence
0.8,2201,0.8000727008360596,0.21444797819173103,0.785552021808269,0.8328611898016998,temporal_reconstructed,confidence
0.9,2476,0.9000363504180298,0.21890145395799676,0.7810985460420032,0.8258354755784062,temporal_reconstructed,confidence
1.0,2751,1.0,0.2337331879316612,0.7662668120683388,0.8129182426534769,temporal_reconstructed,confidence
0.5,1376,0.500181752090149,0.22529069767441862,0.7747093023255813,0.8378661087866108,temporal_reconstructed,margin
0.7,1926,0.7001090512540894,0.21599169262720663,0.7840083073727934,0.8360914105594957,temporal_reconstructed,margin
0.8,2201,0.8000727008360596,0.21444797819173103,0.785552021808269,0.8328611898016998,temporal_reconstructed,margin
0.9,2476,0.9000363504180298,0.21890145395799676,0.7810985460420032,0.8258354755784062,temporal_reconstructed,margin
1.0,2751,1.0,0.2337331879316612,0.7662668120683388,0.8129182426534769,temporal_reconstructed,margin
0.5,1376,0.500181752090149,0.22533344733242133,0.7746665526675787,0.8203170274416226,temporal_reconstructed,vote_uncertainty
0.7,1926,0.7001090512540894,0.2130180307750401,0.7869819692249599,0.8251927024828601,temporal_reconstructed,vote_uncertainty
0.8,2201,0.8000727008360596,0.21462466555606036,0.7853753344439396,0.8228283291313315,temporal_reconstructed,vote_uncertainty
0.9,2476,0.9000363504180298,0.2251259146631189,0.7748740853368811,0.8152034010686844,temporal_reconstructed,vote_uncertainty
1.0,2751,1.0,0.2337331879316612,0.7662668120683388,0.8129182426534769,temporal_reconstructed,vote_uncertainty
0.5,1376,0.500181752090149,0.2180232558139535,0.7819767441860466,0.8443983402489627,temporal_reconstructed,tree_variance
0.7,1926,0.7001090512540894,0.2082035306334372,0.7917964693665628,0.8430528375733856,temporal_reconstructed,tree_variance
0.8,2201,0.8000727008360596,0.20763289413902772,0.7923671058609723,0.838914346140289,temporal_reconstructed,tree_variance
0.9,2476,0.9000363504180298,0.21405492730210016,0.7859450726978998,0.8321722609246358,temporal_reconstructed,tree_variance
1.0,2751,1.0,0.2337331879316612,0.7662668120683388,0.8129182426534769,temporal_reconstructed,tree_variance
0.5,1376,0.500181752090149,0.2618238744355532,0.7381761255644468,0.7844230165414883,temporal_reconstructed,domain_probability
0.7,1926,0.7001090512540894,0.2457745538598093,0.7542254461401907,0.8009004199945613,temporal_reconstructed,domain_probability
0.8,2201,0.8000727008360596,0.2407577739615304,0.7592422260384696,0.8059425498610557,temporal_reconstructed,domain_probability
0.9,2476,0.9000363504180298,0.23685538378217455,0.7631446162178255,0.8098298259367068,temporal_reconstructed,domain_probability
1.0,2751,1.0,0.2337331879316612,0.7662668120683388,0.8129182426534769,temporal_reconstructed,domain_probability
0.5,1376,0.500181752090149,0.07412790697674419,0.9258720930232558,0.9509615384615384,alphaearth,euclidean_nn
0.7,1926,0.7001090512540894,0.12305295950155763,0.8769470404984424,0.9195246179966045,alphaearth,euclidean_nn
0.8,2201,0.8000727008360596,0.1640163562017265,0.8359836437982735,0.8899725693386162,alphaearth,euclidean_nn
0.9,2476,0.9000363504180298,0.19103392568659128,0.8089660743134087,0.8670227719988755,alphaearth,euclidean_nn
1.0,2751,1.0,0.22791712104689205,0.772082878953108,0.8336428760944548,alphaearth,euclidean_nn
0.5,1376,0.500181752090149,0.06177325581395349,0.9382267441860466,0.9597347228801516,alphaearth,cosine_nn
0.7,1926,0.7001090512540894,0.12201453790238836,0.8779854620976116,0.9205812774586009,alphaearth,cosine_nn
0.8,2201,0.8000727008360596,0.1599273057701045,0.8400726942298955,0.8928788800973828,alphaearth,cosine_nn
0.9,2476,0.9000363504180298,0.19305331179321486,0.8069466882067852,0.8660313901345291,alphaearth,cosine_nn
1.0,2751,1.0,0.22791712104689205,0.772082878953108,0.8336428760944548,alphaearth,cosine_nn
0.5,1376,0.500181752090149,0.05377906976744186,0.9462209302325582,0.9651928504233303,alphaearth,cosine_knn
0.7,1926,0.7001090512540894,0.1261682242990654,0.8738317757009346,0.919026991002999,alphaearth,cosine_knn
0.8,2201,0.8000727008360596,0.16946842344388915,0.8305315765561109,0.8885569166417687,alphaearth,cosine_knn
0.9,2476,0.9000363504180298,0.19789983844911146,0.8021001615508885,0.863964464186563,alphaearth,cosine_knn
1.0,2751,1.0,0.22791712104689205,0.772082878953108,0.8336428760944548,alphaearth,cosine_knn
0.5,1376,0.500181752090149,0.10973837209302326,0.8902616279069767,0.9385429385429386,alphaearth,mahalanobis
0.7,1926,0.7001090512540894,0.13811007268951195,0.8618899273104881,0.9111556446225785,alphaearth,mahalanobis
0.8,2201,0.8000727008360596,0.15901862789641072,0.8409813721035893,0.8937462052216151,alphaearth,mahalanobis
0.9,2476,0.9000363504180298,0.18618739903069467,0.8138126009693053,0.8702504925415142,alphaearth,mahalanobis
1.0,2751,1.0,0.22791712104689205,0.772082878953108,0.8336428760944548,alphaearth,mahalanobis
0.5,1376,0.500181752090149,0.12790697674418605,0.872093023255814,0.9110212335692619,alphaearth,centroid
0.7,1926,0.7001090512540894,0.14953271028037382,0.8504672897196262,0.901840490797546,alphaearth,centroid
0.8,2201,0.8000727008360596,0.17582916855974556,0.8241708314402545,0.8846497764530551,alphaearth,centroid
0.9,2476,0.9000363504180298,0.21405492730210016,0.7859450726978998,0.8549534756431308,alphaearth,centroid
1.0,2751,1.0,0.22791712104689205,0.772082878953108,0.8336428760944548,alphaearth,centroid
0.5,1376,0.500181752090149,0.07340116279069768,0.9265988372093024,0.9606544604596806,alphaearth,entropy
0.7,1926,0.7001090512540894,0.15835929387331257,0.8416407061266874,0.904118201823326,alphaearth,entropy
0.8,2201,0.8000727008360596,0.17219445706497047,0.8278055429350295,0.8866287765480108,alphaearth,entropy
0.9,2476,0.9000363504180298,0.19547657512116318,0.8045234248788369,0.8638920134983127,alphaearth,entropy
1.0,2751,1.0,0.22791712104689205,0.772082878953108,0.8336428760944548,alphaearth,entropy
0.5,1376,0.500181752090149,0.07340116279069768,0.9265988372093024,0.9606544604596806,alphaearth,confidence
0.7,1926,0.7001090512540894,0.15835929387331257,0.8416407061266874,0.904118201823326,alphaearth,confidence
0.8,2201,0.8000727008360596,0.17219445706497047,0.8278055429350295,0.8866287765480108,alphaearth,confidence
0.9,2476,0.9000363504180298,0.19547657512116318,0.8045234248788369,0.8638920134983127,alphaearth,confidence
1.0,2751,1.0,0.22791712104689205,0.772082878953108,0.8336428760944548,alphaearth,confidence
0.5,1376,0.500181752090149,0.07340116279069768,0.9265988372093024,0.9606544604596806,alphaearth,margin
0.7,1926,0.7001090512540894,0.15835929387331257,0.8416407061266874,0.904118201823326,alphaearth,margin
0.8,2201,0.8000727008360596,0.17219445706497047,0.8278055429350295,0.8866287765480108,alphaearth,margin
0.9,2476,0.9000363504180298,0.19547657512116318,0.8045234248788369,0.8638920134983127,alphaearth,margin
1.0,2751,1.0,0.22791712104689205,0.772082878953108,0.8336428760944548,alphaearth,margin
0.5,1376,0.500181752090149,0.06943202146690518,0.9305679785330948,0.9618315918869085,alphaearth,vote_uncertainty
0.7,1926,0.7001090512540894,0.1240913811007269,0.8759086188992731,0.9202109901849502,alphaearth,vote_uncertainty
0.8,2201,0.8000727008360596,0.15008329547175528,0.8499167045282447,0.8976398285389662,alphaearth,vote_uncertainty
0.9,2476,0.9000363504180298,0.1829967689822294,0.8170032310177706,0.8693822249127966,alphaearth,vote_uncertainty
1.0,2751,1.0,0.22791712104689205,0.772082878953108,0.8336428760944548,alphaearth,vote_uncertainty
0.5,1376,0.500181752090149,0.07703488372093023,0.9229651162790697,0.9586583463338534,alphaearth,tree_variance
0.7,1926,0.7001090512540894,0.16926272066458983,0.8307372793354102,0.8987577639751553,alphaearth,tree_variance
0.8,2201,0.8000727008360596,0.186278964107224,0.813721035892776,0.8794117647058823,alphaearth,tree_variance
0.9,2476,0.9000363504180298,0.20718901453957997,0.7928109854604201,0.8575395723410164,alphaearth,tree_variance
1.0,2751,1.0,0.22791712104689205,0.772082878953108,0.8336428760944548,alphaearth,tree_variance
0.5,1376,0.500181752090149,0.24529528763769887,0.7547047123623012,0.8254778759594821,alphaearth,domain_probability
0.7,1926,0.7001090512540894,0.23536645351697,0.7646335464830301,0.8300916487593439,alphaearth,domain_probability
0.8,2201,0.8000727008360596,0.23226284703125372,0.7677371529687462,0.8315616729757297,alphaearth,domain_probability
0.9,2476,0.9000363504180298,0.22984865232548252,0.7701513476745174,0.8327145320526853,alphaearth,domain_probability
1.0,2751,1.0,0.22791712104689205,0.772082878953108,0.8336428760944548,alphaearth,domain_probability
0.5,1376,0.500181752090149,0.24854651162790697,0.751453488372093,0.8425414364640884,presto_primary,euclidean_nn
0.7,1926,0.7001090512540894,0.24922118380062305,0.7507788161993769,0.8396793587174348,presto_primary,euclidean_nn
0.8,2201,0.8000727008360596,0.2417083144025443,0.7582916855974557,0.8385922330097088,presto_primary,euclidean_nn
0.9,2476,0.9000363504180298,0.2386914378029079,0.7613085621970921,0.830318690783807,presto_primary,euclidean_nn
1.0,2751,1.0,0.2268266085059978,0.7731733914940022,0.823828345567476,presto_primary,euclidean_nn
0.5,1376,0.500181752090149,0.2543604651162791,0.7456395348837209,0.837360594795539,presto_primary,cosine_nn
0.7,1926,0.7001090512540894,0.24922118380062305,0.7507788161993769,0.8392498325519089,presto_primary,cosine_nn
0.8,2201,0.8000727008360596,0.24806905951840072,0.7519309404815993,0.8343446601941747,presto_primary,cosine_nn
0.9,2476,0.9000363504180298,0.2403069466882068,0.7596930533117932,0.829561730163277,presto_primary,cosine_nn
1.0,2751,1.0,0.2268266085059978,0.7731733914940022,0.823828345567476,presto_primary,cosine_nn
0.5,1376,0.500181752090149,0.24709302325581395,0.752906976744186,0.845031905195989,presto_primary,cosine_knn
0.7,1926,0.7001090512540894,0.2564901349948079,0.7435098650051921,0.837393021724819,presto_primary,cosine_knn
0.8,2201,0.8000727008360596,0.25079509313948206,0.749204906860518,0.8355184743742551,presto_primary,cosine_knn
0.9,2476,0.9000363504180298,0.24151857835218093,0.7584814216478191,0.8291428571428572,presto_primary,cosine_knn
1.0,2751,1.0,0.2268266085059978,0.7731733914940022,0.823828345567476,presto_primary,cosine_knn
0.5,1376,0.500181752090149,0.2805232558139535,0.7194767441860466,0.818609022556391,presto_primary,mahalanobis
0.7,1926,0.7001090512540894,0.25960539979231567,0.7403946002076843,0.8364944408109876,presto_primary,mahalanobis
0.8,2201,0.8000727008360596,0.2557928214447978,0.7442071785552022,0.8345577431677931,presto_primary,mahalanobis
0.9,2476,0.9000363504180298,0.2451534733441034,0.7548465266558966,0.8273115220483641,presto_primary,mahalanobis
1.0,2751,1.0,0.2268266085059978,0.7731733914940022,0.823828345567476,presto_primary,mahalanobis
0.5,1376,0.500181752090149,0.20712209302325582,0.7928779069767442,0.882182720132286,presto_primary,centroid
0.7,1926,0.7001090512540894,0.2398753894080997,0.7601246105919003,0.8525845564773452,presto_primary,centroid
0.8,2201,0.8000727008360596,0.2562471603816447,0.7437528396183553,0.8320428826682549,presto_primary,centroid
0.9,2476,0.9000363504180298,0.23990306946688206,0.760096930533118,0.82842287694974,presto_primary,centroid
1.0,2751,1.0,0.2268266085059978,0.7731733914940022,0.823828345567476,presto_primary,centroid
0.5,1376,0.500181752090149,0.16279069767441862,0.8372093023255813,0.8943396226415095,presto_primary,entropy
0.7,1926,0.7001090512540894,0.1687435098650052,0.8312564901349948,0.8812568505663135,presto_primary,entropy
0.8,2201,0.8000727008360596,0.18355293048614266,0.8164470695138574,0.8688311688311688,presto_primary,entropy
0.9,2476,0.9000363504180298,0.20718901453957997,0.7928109854604201,0.8463611859838275,presto_primary,entropy
1.0,2751,1.0,0.2268266085059978,0.7731733914940022,0.823828345567476,presto_primary,entropy
0.5,1376,0.500181752090149,0.16279069767441862,0.8372093023255813,0.8943396226415095,presto_primary,confidence
0.7,1926,0.7001090512540894,0.1687435098650052,0.8312564901349948,0.8812568505663135,presto_primary,confidence
0.8,2201,0.8000727008360596,0.18355293048614266,0.8164470695138574,0.8688311688311688,presto_primary,confidence
0.9,2476,0.9000363504180298,0.20718901453957997,0.7928109854604201,0.8463611859838275,presto_primary,confidence
1.0,2751,1.0,0.2268266085059978,0.7731733914940022,0.823828345567476,presto_primary,confidence
0.5,1376,0.500181752090149,0.16279069767441862,0.8372093023255813,0.8943396226415095,presto_primary,margin
0.7,1926,0.7001090512540894,0.1687435098650052,0.8312564901349948,0.8812568505663135,presto_primary,margin
0.8,2201,0.8000727008360596,0.18355293048614266,0.8164470695138574,0.8688311688311688,presto_primary,margin
0.9,2476,0.9000363504180298,0.20718901453957997,0.7928109854604201,0.8463611859838275,presto_primary,margin
1.0,2751,1.0,0.2268266085059978,0.7731733914940022,0.823828345567476,presto_primary,margin
0.5,1376,0.500181752090149,0.15313538205980068,0.8468646179401993,0.8895599870217386,presto_primary,vote_uncertainty
0.7,1926,0.7001090512540894,0.16796469366562825,0.8320353063343717,0.8775780510879848,presto_primary,vote_uncertainty
0.8,2201,0.8000727008360596,0.18302869325131932,0.8169713067486807,0.8656938424845485,presto_primary,vote_uncertainty
0.9,2476,0.9000363504180298,0.20124624971151628,0.7987537502884837,0.8471382242089579,presto_primary,vote_uncertainty
1.0,2751,1.0,0.2268266085059978,0.7731733914940022,0.823828345567476,presto_primary,vote_uncertainty
0.5,1376,0.500181752090149,0.1620639534883721,0.8379360465116279,0.8951574988246357,presto_primary,tree_variance
0.7,1926,0.7001090512540894,0.16251298026998962,0.8374870197300104,0.8867992766726944,presto_primary,tree_variance
0.8,2201,0.8000727008360596,0.18355293048614266,0.8164470695138574,0.8681462140992167,presto_primary,tree_variance
0.9,2476,0.9000363504180298,0.2055735056542811,0.7944264943457189,0.8468251579897683,presto_primary,tree_variance
1.0,2751,1.0,0.2268266085059978,0.7731733914940022,0.823828345567476,presto_primary,tree_variance
0.5,1376,0.500181752090149,0.28704798108867874,0.7129520189113212,0.7748961940966851,presto_primary,domain_probability
0.7,1926,0.7001090512540894,0.25849958063743106,0.7415004193625689,0.7988446245321098,presto_primary,domain_probability
0.8,2201,0.8000727008360596,0.24530370810470764,0.7546962918952924,0.8092651659516361,presto_primary,domain_probability
0.9,2476,0.9000363504180298,0.2350390673542935,0.7649609326457065,0.8173595006344672,presto_primary,domain_probability
1.0,2751,1.0,0.2268266085059978,0.7731733914940022,0.823828345567476,presto_primary,domain_probability
0.5,1376,0.500181752090149,0.27834302325581395,0.721656976744186,0.8298533984895602,galileo,euclidean_nn
0.7,1926,0.7001090512540894,0.2632398753894081,0.7367601246105919,0.8395061728395061,galileo,euclidean_nn
0.8,2201,0.8000727008360596,0.2616992276238074,0.7383007723761926,0.8401775804661488,galileo,euclidean_nn
0.9,2476,0.9000363504180298,0.26453957996768984,0.7354604200323102,0.8285789060455379,galileo,euclidean_nn
1.0,2751,1.0,0.247546346782988,0.752453653217012,0.8229789446321809,galileo,euclidean_nn
0.5,1376,0.500181752090149,0.25944767441860467,0.7405523255813953,0.8430769230769231,galileo,cosine_nn
0.7,1926,0.7001090512540894,0.26064382139148495,0.739356178608515,0.8412397216951296,galileo,cosine_nn
0.8,2201,0.8000727008360596,0.2612448886869605,0.7387551113130395,0.8406760875588806,galileo,cosine_nn
0.9,2476,0.9000363504180298,0.2588852988691438,0.7411147011308562,0.8315374507227332,galileo,cosine_nn
1.0,2751,1.0,0.247546346782988,0.752453653217012,0.8229789446321809,galileo,cosine_nn
0.5,1376,0.500181752090149,0.24563953488372092,0.7543604651162791,0.8530434782608696,galileo,cosine_knn
0.7,1926,0.7001090512540894,0.24558670820353062,0.7544132917964694,0.8525101340816963,galileo,cosine_knn
0.8,2201,0.8000727008360596,0.25897319400272606,0.741026805997274,0.8423672566371682,galileo,cosine_knn
0.9,2476,0.9000363504180298,0.26090468497576735,0.7390953150242326,0.8305351521511017,galileo,cosine_knn
1.0,2751,1.0,0.247546346782988,0.752453653217012,0.8229789446321809,galileo,cosine_knn
0.5,1376,0.500181752090149,0.31468023255813954,0.6853197674418605,0.7992582290217896,galileo,mahalanobis
0.7,1926,0.7001090512540894,0.28400830737279337,0.7159916926272066,0.8226904376012966,galileo,mahalanobis
0.8,2201,0.8000727008360596,0.26942298955020444,0.7305770104497955,0.8342186189544311,galileo,mahalanobis
0.9,2476,0.9000363504180298,0.2726171243941842,0.7273828756058158,0.8242645144493621,galileo,mahalanobis
1.0,2751,1.0,0.247546346782988,0.752453653217012,0.8229789446321809,galileo,mahalanobis
0.5,1376,0.500181752090149,0.2311046511627907,0.7688953488372093,0.8669456066945607,galileo,centroid
0.7,1926,0.7001090512540894,0.2564901349948079,0.7435098650051921,0.8483732351135667,galileo,centroid
0.8,2201,0.8000727008360596,0.2666969559291231,0.7333030440708769,0.8387805547926394,galileo,centroid
0.9,2476,0.9000363504180298,0.2605008077544427,0.7394991922455574,0.830218478546986,galileo,centroid
1.0,2751,1.0,0.247546346782988,0.752453653217012,0.8229789446321809,galileo,centroid
0.5,1376,0.500181752090149,0.17805232558139536,0.8219476744186046,0.901329037454692,galileo,entropy
0.7,1926,0.7001090512540894,0.20093457943925233,0.7990654205607477,0.8774152676591701,galileo,entropy
0.8,2201,0.8000727008360596,0.21035892776010903,0.789641072239891,0.8643422209200117,galileo,entropy
0.9,2476,0.9000363504180298,0.22697899838449112,0.7730210016155089,0.8461959496442255,galileo,entropy
1.0,2751,1.0,0.247546346782988,0.752453653217012,0.8229789446321809,galileo,entropy
0.5,1376,0.500181752090149,0.17805232558139536,0.8219476744186046,0.901329037454692,galileo,confidence
0.7,1926,0.7001090512540894,0.20093457943925233,0.7990654205607477,0.8774152676591701,galileo,confidence
0.8,2201,0.8000727008360596,0.21035892776010903,0.789641072239891,0.8643422209200117,galileo,confidence
0.9,2476,0.9000363504180298,0.22697899838449112,0.7730210016155089,0.8461959496442255,galileo,confidence
1.0,2751,1.0,0.247546346782988,0.752453653217012,0.8229789446321809,galileo,confidence
0.5,1376,0.500181752090149,0.17805232558139536,0.8219476744186046,0.901329037454692,galileo,margin
0.7,1926,0.7001090512540894,0.20093457943925233,0.7990654205607477,0.8774152676591701,galileo,margin
0.8,2201,0.8000727008360596,0.21035892776010903,0.789641072239891,0.8643422209200117,galileo,margin
0.9,2476,0.9000363504180298,0.22697899838449112,0.7730210016155089,0.8461959496442255,galileo,margin
1.0,2751,1.0,0.247546346782988,0.752453653217012,0.8229789446321809,galileo,margin
0.5,1376,0.500181752090149,0.18332122093023256,0.8166787790697674,0.8966717869943677,galileo,vote_uncertainty
0.7,1926,0.7001090512540894,0.1868005076727818,0.8131994923272182,0.8808244387191756,galileo,vote_uncertainty
0.8,2201,0.8000727008360596,0.1938629294376682,0.8061370705623319,0.8703032570319623,galileo,vote_uncertainty
0.9,2476,0.9000363504180298,0.21082390953150243,0.7891760904684976,0.8532058492688414,galileo,vote_uncertainty
1.0,2751,1.0,0.247546346782988,0.752453653217012,0.8229789446321809,galileo,vote_uncertainty
0.5,1376,0.500181752090149,0.1751453488372093,0.8248546511627907,0.9031739654479711,galileo,tree_variance
0.7,1926,0.7001090512540894,0.19885773624091382,0.8011422637590861,0.8782193958664547,galileo,tree_variance
0.8,2201,0.8000727008360596,0.21172194457064972,0.7882780554293503,0.8630217519106408,galileo,tree_variance
0.9,2476,0.9000363504180298,0.22495961227786754,0.7750403877221325,0.8454066056064391,galileo,tree_variance
1.0,2751,1.0,0.247546346782988,0.752453653217012,0.8229789446321809,galileo,tree_variance
0.5,1376,0.500181752090149,0.3066860465116279,0.6933139534883721,0.7963320463320464,galileo,domain_probability
0.7,1926,0.7001090512540894,0.2866043613707165,0.7133956386292835,0.8089965397923875,galileo,domain_probability
0.8,2201,0.8000727008360596,0.2719014714503937,0.7280985285496063,0.8162345446175472,galileo,domain_probability
0.9,2476,0.9000363504180298,0.25837139310628365,0.7416286068937163,0.819887004819358,galileo,domain_probability
1.0,2751,1.0,0.247546346782988,0.752453653217012,0.8229789446321809,galileo,domain_probability
