representation,score,quantile,n,score_mean,error_rate
temporal_reconstructed,euclidean_nn,1,276,15.363621352375418,0.34057971014492755
temporal_reconstructed,euclidean_nn,2,275,18.080695689808238,0.3927272727272727
temporal_reconstructed,euclidean_nn,3,275,19.42940423445268,0.28363636363636363
temporal_reconstructed,euclidean_nn,4,275,20.685104058005592,0.24727272727272728
temporal_reconstructed,euclidean_nn,5,275,21.938013874400745,0.19272727272727272
temporal_reconstructed,euclidean_nn,6,275,23.318894986239346,0.22545454545454546
temporal_reconstructed,euclidean_nn,7,275,25.103658641468396,0.2
temporal_reconstructed,euclidean_nn,8,275,27.458583498868077,0.26545454545454544
temporal_reconstructed,euclidean_nn,9,275,30.88339041969993,0.1781818181818182
temporal_reconstructed,euclidean_nn,10,275,35.949273820356886,0.01090909090909091
temporal_reconstructed,cosine_nn,1,276,0.021513035520911217,0.286231884057971
temporal_reconstructed,cosine_nn,2,275,0.024808522313833237,0.23636363636363636
temporal_reconstructed,cosine_nn,3,275,0.02645394578576088,0.20727272727272728
temporal_reconstructed,cosine_nn,4,275,0.0279646348208189,0.24363636363636362
temporal_reconstructed,cosine_nn,5,275,0.029586639255285263,0.2509090909090909
temporal_reconstructed,cosine_nn,6,275,0.03127454221248627,0.26545454545454544
temporal_reconstructed,cosine_nn,7,275,0.033370692282915115,0.24727272727272728
temporal_reconstructed,cosine_nn,8,275,0.03621646761894226,0.2727272727272727
temporal_reconstructed,cosine_nn,9,275,0.04091019183397293,0.20727272727272728
temporal_reconstructed,cosine_nn,10,275,0.06020595133304596,0.12
temporal_reconstructed,cosine_knn,1,276,0.022922907024621964,0.2971014492753623
temporal_reconstructed,cosine_knn,2,275,0.026204796507954597,0.2109090909090909
temporal_reconstructed,cosine_knn,3,275,0.027960672974586487,0.2509090909090909
temporal_reconstructed,cosine_knn,4,275,0.029495641589164734,0.19636363636363635
temporal_reconstructed,cosine_knn,5,275,0.031246289610862732,0.26181818181818184
temporal_reconstructed,cosine_knn,6,275,0.03295261040329933,0.3054545454545455
temporal_reconstructed,cosine_knn,7,274,0.03517645597457886,0.2518248175182482
temporal_reconstructed,cosine_knn,8,276,0.03803063929080963,0.2427536231884058
temporal_reconstructed,cosine_knn,9,275,0.042910609394311905,0.21818181818181817
temporal_reconstructed,cosine_knn,10,275,0.065511055290699,0.10181818181818182
temporal_reconstructed,mahalanobis,1,276,272.8162220101324,0.3115942028985507
temporal_reconstructed,mahalanobis,2,275,331.4723793812511,0.38545454545454544
temporal_reconstructed,mahalanobis,3,275,357.055297097374,0.2909090909090909
temporal_reconstructed,mahalanobis,4,275,380.6930263647598,0.27636363636363637
temporal_reconstructed,mahalanobis,5,275,405.1548843778356,0.1781818181818182
temporal_reconstructed,mahalanobis,6,275,431.3987461887696,0.24363636363636362
temporal_reconstructed,mahalanobis,7,274,465.75889627798756,0.20072992700729927
temporal_reconstructed,mahalanobis,8,276,510.0524144491194,0.2753623188405797
temporal_reconstructed,mahalanobis,9,275,575.6356057600472,0.16363636363636364
temporal_reconstructed,mahalanobis,10,275,674.0671098260489,0.01090909090909091
temporal_reconstructed,centroid,1,276,16.78554344177246,0.3442028985507246
temporal_reconstructed,centroid,2,275,18.765426635742188,0.3527272727272727
temporal_reconstructed,centroid,3,275,19.966703414916992,0.3054545454545455
temporal_reconstructed,centroid,4,275,21.111724853515625,0.27636363636363637
temporal_reconstructed,centroid,5,275,22.29981803894043,0.18181818181818182
temporal_reconstructed,centroid,6,275,23.64956283569336,0.20363636363636364
temporal_reconstructed,centroid,7,275,25.35404396057129,0.22181818181818183
temporal_reconstructed,centroid,8,275,27.76263427734375,0.2545454545454545
temporal_reconstructed,centroid,9,275,31.188085556030273,0.18545454545454546
temporal_reconstructed,centroid,10,275,36.398834228515625,0.01090909090909091
temporal_reconstructed,entropy,1,276,0.31822037553614974,0.20652173913043478
temporal_reconstructed,entropy,2,275,0.443538563817201,0.3018181818181818
temporal_reconstructed,entropy,3,275,0.5038365684237964,0.24
temporal_reconstructed,entropy,4,275,0.5464706185121907,0.2109090909090909
temporal_reconstructed,entropy,5,275,0.5838344527543289,0.16727272727272727
temporal_reconstructed,entropy,6,275,0.6152322214129204,0.19636363636363635
temporal_reconstructed,entropy,7,275,0.640360675758516,0.1890909090909091
temporal_reconstructed,entropy,8,275,0.660979155361412,0.20363636363636364
temporal_reconstructed,entropy,9,275,0.6778758772771155,0.2545454545454545
temporal_reconstructed,entropy,10,275,0.690271043270489,0.36727272727272725
temporal_reconstructed,confidence,1,276,0.09892181277328581,0.20652173913043478
temporal_reconstructed,confidence,2,275,0.16277242631055994,0.3018181818181818
temporal_reconstructed,confidence,3,275,0.20270858854244053,0.24
temporal_reconstructed,confidence,4,275,0.23625960259116607,0.2109090909090909
temporal_reconstructed,confidence,5,275,0.27085211979549806,0.16727272727272727
temporal_reconstructed,confidence,6,275,0.3055200321453642,0.19636363636363635
temporal_reconstructed,confidence,7,274,0.33925172983727825,0.1897810218978102
temporal_reconstructed,confidence,8,276,0.37425342903399483,0.2028985507246377
temporal_reconstructed,confidence,9,275,0.4137477431850694,0.2545454545454545
temporal_reconstructed,confidence,10,275,0.46649196120068126,0.36727272727272725
temporal_reconstructed,margin,1,276,0.19784362554657162,0.20652173913043478
temporal_reconstructed,margin,2,275,0.3255448526211199,0.3018181818181818
temporal_reconstructed,margin,3,275,0.40541717708488106,0.24
temporal_reconstructed,margin,4,275,0.47251920518233215,0.2109090909090909
temporal_reconstructed,margin,5,275,0.5417042395909961,0.16727272727272727
temporal_reconstructed,margin,6,275,0.6110400642907284,0.19636363636363635
temporal_reconstructed,margin,7,274,0.6785034596745565,0.1897810218978102
temporal_reconstructed,margin,8,276,0.7485068580679897,0.2028985507246377
temporal_reconstructed,margin,9,275,0.8274954863701388,0.2545454545454545
temporal_reconstructed,margin,10,275,0.9329839224013625,0.36727272727272725
temporal_reconstructed,vote_uncertainty,1,280,0.10383571428571428,0.24285714285714285
temporal_reconstructed,vote_uncertainty,2,274,0.17098540145985403,0.23722627737226276
temporal_reconstructed,vote_uncertainty,3,282,0.20938297872340422,0.2198581560283688
temporal_reconstructed,vote_uncertainty,4,268,0.24406716417910446,0.24253731343283583
temporal_reconstructed,vote_uncertainty,5,280,0.27751428571428577,0.18214285714285713
temporal_reconstructed,vote_uncertainty,6,275,0.31160727272727273,0.18181818181818182
temporal_reconstructed,vote_uncertainty,7,277,0.34443321299638985,0.18772563176895307
temporal_reconstructed,vote_uncertainty,8,278,0.38,0.22661870503597123
temporal_reconstructed,vote_uncertainty,9,273,0.4213406593406594,0.3076923076923077
temporal_reconstructed,vote_uncertainty,10,264,0.4730151515151515,0.3143939393939394
temporal_reconstructed,tree_variance,1,276,0.07022577455097392,0.19927536231884058
temporal_reconstructed,tree_variance,2,275,0.10949312647781914,0.28363636363636363
temporal_reconstructed,tree_variance,3,275,0.1326304424836464,0.24
temporal_reconstructed,tree_variance,4,275,0.14864905739699338,0.21818181818181817
temporal_reconstructed,tree_variance,5,275,0.1633707435560059,0.14909090909090908
temporal_reconstructed,tree_variance,6,275,0.1764552789012704,0.16727272727272727
temporal_reconstructed,tree_variance,7,275,0.18731458793821962,0.2
temporal_reconstructed,tree_variance,8,275,0.19628917217078523,0.20363636363636364
temporal_reconstructed,tree_variance,9,275,0.20402754051558414,0.26545454545454544
temporal_reconstructed,tree_variance,10,275,0.21479135220993356,0.4109090909090909
temporal_reconstructed,domain_probability,1,276,0.989083264335657,0.31521739130434784
temporal_reconstructed,domain_probability,2,279,0.9966844812508638,0.30824372759856633
temporal_reconstructed,domain_probability,3,272,0.9970195601736724,0.2647058823529412
temporal_reconstructed,domain_probability,4,1924,0.9999961820082307,0.20686070686070687
alphaearth,euclidean_nn,1,276,5.443152355111164,0.025362318840579712
alphaearth,euclidean_nn,2,275,5.956749869259921,0.04
alphaearth,euclidean_nn,3,275,6.2886339378356935,0.08727272727272728
alphaearth,euclidean_nn,4,275,6.622233302376487,0.06909090909090909
alphaearth,euclidean_nn,5,275,6.900751051469283,0.14909090909090908
alphaearth,euclidean_nn,6,275,7.2524224177273835,0.22181818181818183
alphaearth,euclidean_nn,7,274,7.680534535080847,0.27007299270072993
alphaearth,euclidean_nn,8,276,8.170411553935729,0.4492753623188406
alphaearth,euclidean_nn,9,275,8.799882489984686,0.4072727272727273
alphaearth,euclidean_nn,10,275,10.389195032986727,0.56
alphaearth,cosine_nn,1,276,0.05411679297685623,0.018115942028985508
alphaearth,cosine_nn,2,275,0.0668737143278122,0.03272727272727273
alphaearth,cosine_nn,3,275,0.075199194252491,0.05090909090909091
alphaearth,cosine_nn,4,275,0.08298246562480927,0.07272727272727272
alphaearth,cosine_nn,5,275,0.09053608030080795,0.13454545454545455
alphaearth,cosine_nn,6,275,0.10216081142425537,0.21818181818181817
alphaearth,cosine_nn,7,275,0.11678405851125717,0.32727272727272727
alphaearth,cosine_nn,8,275,0.13498932123184204,0.4254545454545455
alphaearth,cosine_nn,9,275,0.15628989040851593,0.4581818181818182
alphaearth,cosine_nn,10,275,0.2080260068178177,0.5418181818181819
alphaearth,cosine_knn,1,276,0.06459510326385498,0.010869565217391304
alphaearth,cosine_knn,2,275,0.0757419541478157,0.02181818181818182
alphaearth,cosine_knn,3,275,0.08409181237220764,0.04363636363636364
alphaearth,cosine_knn,4,275,0.09268977493047714,0.08
alphaearth,cosine_knn,5,275,0.10228452831506729,0.11272727272727273
alphaearth,cosine_knn,6,275,0.11626291275024414,0.20363636363636364
alphaearth,cosine_knn,7,274,0.13552942872047424,0.4124087591240876
alphaearth,cosine_knn,8,276,0.15794292092323303,0.47101449275362317
alphaearth,cosine_knn,9,275,0.18279598653316498,0.4254545454545455
alphaearth,cosine_knn,10,275,0.23445096611976624,0.49818181818181817
alphaearth,mahalanobis,1,276,13.302434359320399,0.014492753623188406
alphaearth,mahalanobis,2,275,14.838408647676733,0.05454545454545454
alphaearth,mahalanobis,3,275,15.723552331852899,0.09454545454545454
alphaearth,mahalanobis,4,275,16.37480804015724,0.18181818181818182
alphaearth,mahalanobis,5,275,17.037025994964615,0.20363636363636364
alphaearth,mahalanobis,6,275,17.611306528415206,0.14181818181818182
alphaearth,mahalanobis,7,275,18.19282235938551,0.27636363636363637
alphaearth,mahalanobis,8,275,18.978374776000255,0.3054545454545455
alphaearth,mahalanobis,9,275,20.31756110285603,0.4036363636363636
alphaearth,mahalanobis,10,275,24.576153465686136,0.6036363636363636
alphaearth,centroid,1,276,7.9620361328125,0.17753623188405798
alphaearth,centroid,2,275,8.547279357910156,0.11272727272727273
alphaearth,centroid,3,275,8.78713607788086,0.11636363636363636
alphaearth,centroid,4,275,8.981850624084473,0.10181818181818182
alphaearth,centroid,5,275,9.194075584411621,0.13090909090909092
alphaearth,centroid,6,275,9.441315650939941,0.16363636363636364
alphaearth,centroid,7,275,9.73335075378418,0.24363636363636362
alphaearth,centroid,8,275,10.191814422607422,0.36
alphaearth,centroid,9,275,11.078585624694824,0.52
alphaearth,centroid,10,275,12.897544860839844,0.3527272727272727
alphaearth,entropy,1,276,0.18074937646849545,0.010869565217391304
alphaearth,entropy,2,275,0.29224915128239126,0.06181818181818182
alphaearth,entropy,3,275,0.38387590361043517,0.06181818181818182
alphaearth,entropy,4,275,0.4563634686040915,0.11636363636363636
alphaearth,entropy,5,275,0.5152027662363571,0.11636363636363636
alphaearth,entropy,6,275,0.5785084809632837,0.3563636363636364
alphaearth,entropy,7,275,0.632542239702618,0.38545454545454544
alphaearth,entropy,8,275,0.6557736104095727,0.2690909090909091
alphaearth,entropy,9,275,0.674478122735784,0.38181818181818183
alphaearth,entropy,10,275,0.6897080892449147,0.52
alphaearth,confidence,1,276,0.045033406894120144,0.010869565217391304
alphaearth,confidence,2,275,0.08597183651760375,0.06181818181818182
alphaearth,confidence,3,275,0.12907314113851628,0.06181818181818182
alphaearth,confidence,4,275,0.17059579776636175,0.11636363636363636
alphaearth,confidence,5,275,0.21133699153804084,0.11636363636363636
alphaearth,confidence,6,275,0.2663041822887863,0.3563636363636364
alphaearth,confidence,7,275,0.32825423398233516,0.38545454545454544
alphaearth,confidence,8,275,0.3644489903473944,0.2690909090909091
alphaearth,confidence,9,275,0.4048244586826533,0.38181818181818183
alphaearth,confidence,10,275,0.4635914774081809,0.52
alphaearth,margin,1,276,0.09006681378824029,0.010869565217391304
alphaearth,margin,2,275,0.1719436730352075,0.06181818181818182
alphaearth,margin,3,275,0.25814628227703257,0.06181818181818182
alphaearth,margin,4,275,0.3411915955327235,0.11636363636363636
alphaearth,margin,5,275,0.42267398307608167,0.11636363636363636
alphaearth,margin,6,275,0.5326083645775725,0.3563636363636364
alphaearth,margin,7,275,0.6565084679646703,0.38545454545454544
alphaearth,margin,8,275,0.7288979806947888,0.2690909090909091
alphaearth,margin,9,275,0.8096489173653068,0.38181818181818183
alphaearth,margin,10,275,0.9271829548163619,0.52
alphaearth,vote_uncertainty,1,288,0.053444444444444454,0.017361111111111112
alphaearth,vote_uncertainty,2,268,0.09814179104477609,0.05223880597014925
alphaearth,vote_uncertainty,3,285,0.14332631578947372,0.06315789473684211
alphaearth,vote_uncertainty,4,277,0.18881588447653433,0.11913357400722022
alphaearth,vote_uncertainty,5,260,0.2304,0.1
alphaearth,vote_uncertainty,6,286,0.2821258741258742,0.2937062937062937
alphaearth,vote_uncertainty,7,267,0.3302172284644195,0.2247191011235955
alphaearth,vote_uncertainty,8,277,0.3647436823104693,0.34296028880866425
alphaearth,vote_uncertainty,9,269,0.4109814126394052,0.4423791821561338
alphaearth,vote_uncertainty,10,274,0.47045985401459856,0.6313868613138686
alphaearth,tree_variance,1,276,0.03247085956469563,0.010869565217391304
alphaearth,tree_variance,2,275,0.06325428930643855,0.06545454545454546
alphaearth,tree_variance,3,275,0.09228390898589924,0.06545454545454546
alphaearth,tree_variance,4,275,0.1161427339781677,0.09818181818181818
alphaearth,tree_variance,5,275,0.13666906101034326,0.14545454545454545
alphaearth,tree_variance,6,275,0.1591789066548988,0.3563636363636364
alphaearth,tree_variance,7,275,0.18069491297431037,0.44363636363636366
alphaearth,tree_variance,8,275,0.19176811037521907,0.3054545454545455
alphaearth,tree_variance,9,275,0.1985124333404163,0.37454545454545457
alphaearth,tree_variance,10,275,0.20618587842251115,0.41454545454545455
alphaearth,domain_probability,1,276,0.9475713500746366,0.3079710144927536
alphaearth,domain_probability,2,275,0.9861359761718346,0.24363636363636362
alphaearth,domain_probability,3,359,0.9946596355845347,0.22284122562674094
alphaearth,domain_probability,4,1841,0.9996965015848176,0.21455730581205867
presto_primary,euclidean_nn,1,276,3.360945765522943,0.32971014492753625
presto_primary,euclidean_nn,2,275,3.7947753099961714,0.21818181818181817
presto_primary,euclidean_nn,3,275,4.074848136034879,0.22181818181818183
presto_primary,euclidean_nn,4,275,4.373612507906827,0.21818181818181817
presto_primary,euclidean_nn,5,275,4.682473675120961,0.2545454545454545
presto_primary,euclidean_nn,6,275,5.066217842102051,0.2690909090909091
presto_primary,euclidean_nn,7,274,5.541499014318425,0.23357664233576642
presto_primary,euclidean_nn,8,276,6.130024097967839,0.18840579710144928
presto_primary,euclidean_nn,9,275,7.017635172063654,0.21454545454545454
presto_primary,euclidean_nn,10,275,9.522815504941073,0.12
presto_primary,cosine_nn,1,276,0.006280440837144852,0.358695652173913
presto_primary,cosine_nn,2,275,0.008160286583006382,0.24727272727272728
presto_primary,cosine_nn,3,275,0.009554354473948479,0.21454545454545454
presto_primary,cosine_nn,4,275,0.010940744541585445,0.20727272727272728
presto_primary,cosine_nn,5,275,0.012587661854922771,0.24363636363636362
presto_primary,cosine_nn,6,275,0.014758164063096046,0.2581818181818182
presto_primary,cosine_nn,7,274,0.017955919727683067,0.2116788321167883
presto_primary,cosine_nn,8,276,0.022996405139565468,0.2427536231884058
presto_primary,cosine_nn,9,275,0.03205494210124016,0.1781818181818182
presto_primary,cosine_nn,10,275,0.06385661661624908,0.10545454545454545
presto_primary,cosine_knn,1,276,0.008842403069138527,0.2971014492753623
presto_primary,cosine_knn,2,275,0.010784273967146873,0.23636363636363636
presto_primary,cosine_knn,3,275,0.012436917051672935,0.2
presto_primary,cosine_knn,4,275,0.014226982370018959,0.2545454545454545
presto_primary,cosine_knn,5,275,0.01659555174410343,0.24727272727272728
presto_primary,cosine_knn,6,275,0.020044852048158646,0.2545454545454545
presto_primary,cosine_knn,7,274,0.025543492287397385,0.30656934306569344
presto_primary,cosine_knn,8,276,0.03452574834227562,0.21014492753623187
presto_primary,cosine_knn,9,275,0.050139281898736954,0.16727272727272727
presto_primary,cosine_knn,10,275,0.09540875256061554,0.09454545454545454
presto_primary,mahalanobis,1,276,14.004768105674549,0.4782608695652174
presto_primary,mahalanobis,2,275,15.701968582109489,0.33454545454545453
presto_primary,mahalanobis,3,275,16.362769511479815,0.23636363636363636
presto_primary,mahalanobis,4,275,16.831402778651718,0.1781818181818182
presto_primary,mahalanobis,5,275,17.277289067058334,0.17454545454545456
presto_primary,mahalanobis,6,275,17.873155211570097,0.2
presto_primary,mahalanobis,7,274,18.72321566849928,0.21532846715328466
presto_primary,mahalanobis,8,276,20.60162279176949,0.22826086956521738
presto_primary,mahalanobis,9,275,25.998263034103108,0.16
presto_primary,mahalanobis,10,275,31.70878022311508,0.06181818181818182
presto_primary,centroid,1,276,5.321707248687744,0.19927536231884058
presto_primary,centroid,2,275,6.121156692504883,0.14909090909090908
presto_primary,centroid,3,275,6.699046611785889,0.18181818181818182
presto_primary,centroid,4,275,7.2766618728637695,0.24727272727272728
presto_primary,centroid,5,275,7.835182189941406,0.2581818181818182
presto_primary,centroid,6,275,8.483796119689941,0.2727272727272727
presto_primary,centroid,7,275,9.435680389404297,0.3709090909090909
presto_primary,centroid,8,275,11.059922218322754,0.3709090909090909
presto_primary,centroid,9,275,12.862716674804688,0.10909090909090909
presto_primary,centroid,10,275,16.0737361907959,0.10909090909090909
presto_primary,entropy,1,276,0.26935546283455375,0.18115942028985507
presto_primary,entropy,2,275,0.3793482080065717,0.1781818181818182
presto_primary,entropy,3,275,0.43675300936050077,0.1781818181818182
presto_primary,entropy,4,275,0.48050915852068743,0.14181818181818182
presto_primary,entropy,5,275,0.5157946258306844,0.13454545454545455
presto_primary,entropy,6,275,0.5483755407921302,0.15636363636363637
presto_primary,entropy,7,274,0.5817309300124146,0.2116788321167883
presto_primary,entropy,8,276,0.6243660702770685,0.286231884057971
presto_primary,entropy,9,275,0.6665247109532656,0.39636363636363636
presto_primary,entropy,10,275,0.6895300950672502,0.4036363636363636
presto_primary,confidence,1,276,0.07760380002193261,0.18115942028985507
presto_primary,confidence,2,275,0.12657513107253357,0.1781818181818182
presto_primary,confidence,3,275,0.15839401384546978,0.1781818181818182
presto_primary,confidence,4,275,0.18621613457307895,0.14181818181818182
presto_primary,confidence,5,275,0.21152295374197025,0.13454545454545455
presto_primary,confidence,6,275,0.2377933224831033,0.15636363636363637
presto_primary,confidence,7,274,0.2687879497040549,0.2116788321167883
presto_primary,confidence,8,276,0.3176611340949943,0.286231884057971
presto_primary,confidence,9,275,0.38701971255640955,0.39636363636363636
presto_primary,confidence,10,275,0.4627516113361293,0.4036363636363636
presto_primary,margin,1,276,0.15520760004386522,0.18115942028985507
presto_primary,margin,2,275,0.25315026214506714,0.1781818181818182
presto_primary,margin,3,275,0.31678802769093956,0.1781818181818182
presto_primary,margin,4,275,0.37243226914615785,0.14181818181818182
presto_primary,margin,5,275,0.4230459074839405,0.13454545454545455
presto_primary,margin,6,275,0.4755866449662066,0.15636363636363637
presto_primary,margin,7,274,0.5375758994081098,0.2116788321167883
presto_primary,margin,8,276,0.6353222681899886,0.286231884057971
presto_primary,margin,9,275,0.7740394251128191,0.39636363636363636
presto_primary,margin,10,275,0.9255032226722586,0.4036363636363636
presto_primary,vote_uncertainty,1,283,0.08452296819787984,0.21554770318021202
presto_primary,vote_uncertainty,2,270,0.13734074074074076,0.15185185185185185
presto_primary,vote_uncertainty,3,280,0.1678357142857143,0.15714285714285714
presto_primary,vote_uncertainty,4,275,0.19532363636363634,0.12363636363636364
presto_primary,vote_uncertainty,5,284,0.22078873239436617,0.11619718309859155
presto_primary,vote_uncertainty,6,263,0.24695057034220536,0.1482889733840304
presto_primary,vote_uncertainty,7,277,0.2813357400722022,0.26353790613718414
presto_primary,vote_uncertainty,8,274,0.33151824817518255,0.28832116788321166
presto_primary,vote_uncertainty,9,276,0.3918913043478261,0.34782608695652173
presto_primary,vote_uncertainty,10,269,0.4594869888475836,0.46096654275092935
presto_primary,tree_variance,1,276,0.05975786818576292,0.17028985507246377
presto_primary,tree_variance,2,275,0.09260408638249513,0.19272727272727272
presto_primary,tree_variance,3,275,0.11229521919378369,0.16
presto_primary,tree_variance,4,275,0.12774765061893306,0.14545454545454545
presto_primary,tree_variance,5,275,0.13951790776585932,0.14181818181818182
presto_primary,tree_variance,6,275,0.15138327641211777,0.14909090909090908
presto_primary,tree_variance,7,275,0.16435734704253718,0.1781818181818182
presto_primary,tree_variance,8,275,0.1812951461484489,0.33090909090909093
presto_primary,tree_variance,9,275,0.199227601093988,0.38181818181818183
presto_primary,tree_variance,10,275,0.21127260530352815,0.41818181818181815
presto_primary,domain_probability,1,276,0.897080722537844,0.36594202898550726
presto_primary,domain_probability,2,275,0.9694662975560938,0.2690909090909091
presto_primary,domain_probability,3,275,0.9830395598232045,0.2545454545454545
presto_primary,domain_probability,4,284,0.990484890437707,0.2887323943661972
presto_primary,domain_probability,5,368,0.9952188561712786,0.2608695652173913
presto_primary,domain_probability,6,176,0.996911670296848,0.1534090909090909
presto_primary,domain_probability,7,1097,0.9998545897395404,0.15861440291704648
galileo,euclidean_nn,1,276,4.43354662777721,0.2717391304347826
galileo,euclidean_nn,2,275,4.960803702961315,0.3090909090909091
galileo,euclidean_nn,3,275,5.250433774427934,0.2690909090909091
galileo,euclidean_nn,4,275,5.54715762571855,0.28
galileo,euclidean_nn,5,275,5.807534438046542,0.26181818181818184
galileo,euclidean_nn,6,275,6.0855120381441985,0.24363636363636362
galileo,euclidean_nn,7,275,6.398724009773948,0.20727272727272728
galileo,euclidean_nn,8,275,6.903832865628329,0.2509090909090909
galileo,euclidean_nn,9,275,8.691671706112949,0.2872727272727273
galileo,euclidean_nn,10,275,11.20519961270419,0.09454545454545454
galileo,cosine_nn,1,276,0.0011372203007340431,0.29347826086956524
galileo,cosine_nn,2,275,0.0014405623078346252,0.2872727272727273
galileo,cosine_nn,3,275,0.0016315850662067533,0.23636363636363636
galileo,cosine_nn,4,275,0.0018187157111242414,0.28
galileo,cosine_nn,5,275,0.0019998059142380953,0.2
galileo,cosine_nn,6,275,0.0022107691038399935,0.29454545454545455
galileo,cosine_nn,7,275,0.00248053134419024,0.23272727272727273
galileo,cosine_nn,8,275,0.0028903461061418056,0.26545454545454544
galileo,cosine_nn,9,275,0.004289464093744755,0.24
galileo,cosine_nn,10,275,0.0073789795860648155,0.14545454545454545
galileo,cosine_knn,1,276,0.0015405492158606648,0.2572463768115942
galileo,cosine_knn,2,275,0.001867888611741364,0.24
galileo,cosine_knn,3,275,0.002108609536662698,0.2581818181818182
galileo,cosine_knn,4,275,0.002312391297891736,0.22545454545454546
galileo,cosine_knn,5,275,0.0025283992290496826,0.24727272727272728
galileo,cosine_knn,6,275,0.00277151633054018,0.2290909090909091
galileo,cosine_knn,7,274,0.0030632629059255123,0.26277372262773724
galileo,cosine_knn,8,276,0.003552798181772232,0.35144927536231885
galileo,cosine_knn,9,275,0.0055869086645543575,0.27636363636363637
galileo,cosine_knn,10,275,0.009658940136432648,0.12727272727272726
galileo,mahalanobis,1,276,10.921023348083564,0.36594202898550726
galileo,mahalanobis,2,275,12.166426772558388,0.3709090909090909
galileo,mahalanobis,3,275,12.855616703924097,0.34545454545454546
galileo,mahalanobis,4,275,13.543428852771097,0.26545454545454544
galileo,mahalanobis,5,275,14.31242281326665,0.22545454545454546
galileo,mahalanobis,6,275,15.104185445150414,0.2290909090909091
galileo,mahalanobis,7,274,16.07458789569498,0.18248175182481752
galileo,mahalanobis,8,276,17.38124358603905,0.17028985507246377
galileo,mahalanobis,9,275,21.28022806159076,0.29818181818181816
galileo,mahalanobis,10,275,28.113682272655485,0.02181818181818182
galileo,centroid,1,276,5.807962894439697,0.18478260869565216
galileo,centroid,2,275,6.769590377807617,0.24
galileo,centroid,3,275,7.36422061920166,0.1890909090909091
galileo,centroid,4,275,7.9538164138793945,0.2545454545454545
galileo,centroid,5,275,8.56104564666748,0.2872727272727273
galileo,centroid,6,275,9.228006362915039,0.33090909090909093
galileo,centroid,7,275,10.031188011169434,0.3090909090909091
galileo,centroid,8,275,11.015868186950684,0.3381818181818182
galileo,centroid,9,275,12.90002155303955,0.2109090909090909
galileo,centroid,10,275,14.843749046325684,0.13090909090909092
galileo,entropy,1,276,0.13762421400142885,0.14855072463768115
galileo,entropy,2,275,0.2594061434692536,0.19272727272727272
galileo,entropy,3,275,0.34697753582758195,0.20363636363636364
galileo,entropy,4,275,0.42239926237684916,0.15272727272727274
galileo,entropy,5,275,0.48405857692391424,0.19272727272727272
galileo,entropy,6,275,0.5452261323072555,0.29818181818181816
galileo,entropy,7,275,0.596849974865478,0.21818181818181817
galileo,entropy,8,275,0.6358845884824597,0.27636363636363637
galileo,entropy,9,275,0.6661641653725017,0.36
galileo,entropy,10,275,0.6884540693863097,0.43272727272727274
galileo,confidence,1,276,0.0321229385503251,0.14855072463768115
galileo,confidence,2,275,0.07254791220966648,0.19272727272727272
galileo,confidence,3,275,0.11055225675621659,0.20363636363636364
galileo,confidence,4,275,0.15006598846577612,0.15272727272727274
galileo,confidence,5,275,0.18882801903278226,0.19272727272727272
galileo,confidence,6,275,0.2355154869969023,0.29818181818181816
galileo,confidence,7,275,0.28467448288298175,0.21818181818181817
galileo,confidence,8,275,0.3331236503764996,0.27636363636363637
galileo,confidence,9,275,0.38571697778921443,0.36
galileo,confidence,10,275,0.45735871887257673,0.43272727272727274
galileo,margin,1,276,0.0642458771006502,0.14855072463768115
galileo,margin,2,275,0.14509582441933297,0.19272727272727272
galileo,margin,3,275,0.22110451351243318,0.20363636363636364
galileo,margin,4,275,0.30013197693155225,0.15272727272727274
galileo,margin,5,275,0.3776560380655645,0.19272727272727272
galileo,margin,6,275,0.4710309739938046,0.29818181818181816
galileo,margin,7,275,0.5693489657659635,0.21818181818181817
galileo,margin,8,275,0.6662473007529992,0.27636363636363637
galileo,margin,9,275,0.771433955578429,0.36
galileo,margin,10,275,0.9147174377451535,0.43272727272727274
galileo,vote_uncertainty,1,276,0.03682608695652177,0.14855072463768115
galileo,vote_uncertainty,2,283,0.08313780918727912,0.1978798586572438
galileo,vote_uncertainty,3,271,0.12565313653136534,0.1918819188191882
galileo,vote_uncertainty,4,278,0.1683309352517986,0.16906474820143885
galileo,vote_uncertainty,5,283,0.2099434628975265,0.21201413427561838
galileo,vote_uncertainty,6,264,0.24931818181818186,0.14772727272727273
galileo,vote_uncertainty,7,273,0.2867399267399268,0.23809523809523808
galileo,vote_uncertainty,8,274,0.3365474452554744,0.24452554744525548
galileo,vote_uncertainty,9,275,0.39133090909090906,0.34545454545454546
galileo,vote_uncertainty,10,274,0.4594306569343065,0.5802919708029197
galileo,tree_variance,1,276,0.024914571627848547,0.14130434782608695
galileo,tree_variance,2,275,0.055102189292245814,0.2
galileo,tree_variance,3,275,0.08124540328148888,0.19272727272727272
galileo,tree_variance,4,275,0.10564419767807431,0.1709090909090909
galileo,tree_variance,5,275,0.12687638067902257,0.1709090909090909
galileo,tree_variance,6,275,0.1489483348232624,0.29454545454545455
galileo,tree_variance,7,274,0.16879103148071367,0.22262773722627738
galileo,tree_variance,8,276,0.1844132518341194,0.3007246376811594
galileo,tree_variance,9,275,0.19655156017955347,0.33090909090909093
galileo,tree_variance,10,275,0.20925418668153797,0.4509090909090909
galileo,domain_probability,1,276,0.8731786256064147,0.41304347826086957
galileo,domain_probability,2,275,0.9502215138555787,0.33090909090909093
galileo,domain_probability,3,275,0.9703141736923658,0.2909090909090909
galileo,domain_probability,4,275,0.9806238399144106,0.26181818181818184
galileo,domain_probability,5,275,0.9877629761711544,0.23636363636363636
galileo,domain_probability,6,275,0.9924601525231529,0.2581818181818182
galileo,domain_probability,7,275,0.9956794721404801,0.21454545454545454
galileo,domain_probability,8,825,0.999235463317634,0.15636363636363637
