representation,score,pool_quantile,actual_coverage,n,risk,f1
temporal_reconstructed,euclidean_nn,0.5,0.43584151217739003,1199,0.3119266055045872,0.7297687861271677
temporal_reconstructed,euclidean_nn,0.7,0.648854961832061,1785,0.27675070028011206,0.7899659863945578
temporal_reconstructed,euclidean_nn,0.8,0.7662668120683388,2108,0.2656546489563567,0.8051496172581768
temporal_reconstructed,euclidean_nn,0.9,0.8942202835332607,2460,0.2601626016260163,0.8117647058823529
temporal_reconstructed,euclidean_nn,1.0,1.0,2751,0.2337331879316612,0.8129182426534769
temporal_reconstructed,cosine_nn,0.5,0.48455107233733186,1333,0.245311327831958,0.7682494684620836
temporal_reconstructed,cosine_nn,0.7,0.6652126499454744,1830,0.25136612021857924,0.7762645914396887
temporal_reconstructed,cosine_nn,0.8,0.7546346782988005,2076,0.25337186897880537,0.7804674457429048
temporal_reconstructed,cosine_nn,0.9,0.8487822609960014,2335,0.24796573875803,0.7928443649373882
temporal_reconstructed,cosine_nn,1.0,1.0,2751,0.2337331879316612,0.8129182426534769
temporal_reconstructed,cosine_knn,0.5,0.480189022173755,1321,0.24451173353520061,0.7637161667885881
temporal_reconstructed,cosine_knn,0.7,0.6623046165030898,1822,0.2513721185510428,0.776803118908382
temporal_reconstructed,cosine_knn,0.8,0.7604507451835696,2092,0.2538240917782027,0.7810309278350516
temporal_reconstructed,cosine_knn,0.9,0.8491457651762996,2336,0.24914383561643835,0.7922912205567452
temporal_reconstructed,cosine_knn,1.0,1.0,2751,0.2337331879316612,0.8129182426534769
temporal_reconstructed,mahalanobis,0.5,0.4347509996364958,1196,0.3093645484949833,0.7338129496402878
temporal_reconstructed,mahalanobis,0.7,0.6470374409305707,1780,0.27584269662921346,0.7909748829289059
temporal_reconstructed,mahalanobis,0.8,0.7669938204289349,2110,0.2682464454976303,0.8031988873435327
temporal_reconstructed,mahalanobis,0.9,0.8916757542711741,2453,0.26049735018344883,0.8115600117959304
temporal_reconstructed,mahalanobis,1.0,1.0,2751,0.2337331879316612,0.8129182426534769
temporal_reconstructed,centroid,0.5,0.43293347873500543,1191,0.31150293870696893,0.7329013678905687
temporal_reconstructed,centroid,0.7,0.653217011995638,1797,0.2760155815247635,0.7910699241786016
temporal_reconstructed,centroid,0.8,0.7637222828062523,2101,0.26653974297953353,0.8044692737430168
temporal_reconstructed,centroid,0.9,0.8953107960741549,2463,0.25984571660576533,0.8119858989424207
temporal_reconstructed,centroid,1.0,1.0,2751,0.2337331879316612,0.8129182426534769
temporal_reconstructed,entropy,0.5,0.5416212286441294,1490,0.22416107382550335,0.8361138370951914
temporal_reconstructed,entropy,0.7,0.7255543438749545,1996,0.21492985971943887,0.8355691835952472
temporal_reconstructed,entropy,0.8,0.8240639767357325,2267,0.21438023820026467,0.8320663441603318
temporal_reconstructed,entropy,0.9,0.9189385677935297,2528,0.2219145569620253,0.8236403646651996
temporal_reconstructed,entropy,1.0,1.0,2751,0.2337331879316612,0.8129182426534769
temporal_reconstructed,confidence,0.5,0.5416212286441294,1490,0.22416107382550335,0.8361138370951914
temporal_reconstructed,confidence,0.7,0.7255543438749545,1996,0.21492985971943887,0.8355691835952472
temporal_reconstructed,confidence,0.8,0.8240639767357325,2267,0.21438023820026467,0.8320663441603318
temporal_reconstructed,confidence,0.9,0.9189385677935297,2528,0.2219145569620253,0.8236403646651996
temporal_reconstructed,confidence,1.0,1.0,2751,0.2337331879316612,0.8129182426534769
temporal_reconstructed,margin,0.5,0.5416212286441294,1490,0.22416107382550335,0.8361138370951914
temporal_reconstructed,margin,0.7,0.7255543438749545,1996,0.21492985971943887,0.8355691835952472
temporal_reconstructed,margin,0.8,0.8240639767357325,2267,0.21438023820026467,0.8320663441603318
temporal_reconstructed,margin,0.9,0.9189385677935297,2528,0.2219145569620253,0.8236403646651996
temporal_reconstructed,margin,1.0,1.0,2751,0.2337331879316612,0.8129182426534769
temporal_reconstructed,vote_uncertainty,0.5,0.5398037077426391,1485,0.2228956228956229,0.8209843158464034
temporal_reconstructed,vote_uncertainty,0.7,0.7364594692838967,2026,0.21174728529121423,0.8256806176351077
temporal_reconstructed,vote_uncertainty,0.8,0.8298800436205016,2283,0.21857205431449847,0.8196602818937477
temporal_reconstructed,vote_uncertainty,0.9,0.910941475826972,2506,0.22585794094173983,0.8145478374836173
temporal_reconstructed,vote_uncertainty,1.0,1.0,2751,0.2337331879316612,0.8129182426534769
temporal_reconstructed,tree_variance,0.5,0.5412577244638314,1489,0.2182672934855608,0.8429192846785887
temporal_reconstructed,tree_variance,0.7,0.7288258814976373,2005,0.20698254364089774,0.8426241941600303
temporal_reconstructed,tree_variance,0.8,0.831697564521992,2288,0.2076048951048951,0.8384903094185651
temporal_reconstructed,tree_variance,0.9,0.9233006179571065,2540,0.21929133858267716,0.8271796462922743
temporal_reconstructed,tree_variance,1.0,1.0,2751,0.2337331879316612,0.8129182426534769
temporal_reconstructed,domain_probability,0.5,1.0,2751,0.2337331879316612,0.8129182426534769
temporal_reconstructed,domain_probability,0.7,1.0,2751,0.2337331879316612,0.8129182426534769
temporal_reconstructed,domain_probability,0.8,1.0,2751,0.2337331879316612,0.8129182426534769
temporal_reconstructed,domain_probability,0.9,1.0,2751,0.2337331879316612,0.8129182426534769
temporal_reconstructed,domain_probability,1.0,1.0,2751,0.2337331879316612,0.8129182426534769
alphaearth,euclidean_nn,0.5,0.6143220647037441,1690,0.10059171597633136,0.9344135802469136
alphaearth,euclidean_nn,0.7,0.7778989458378771,2140,0.15467289719626168,0.8967238689547582
alphaearth,euclidean_nn,0.8,0.8527808069792803,2346,0.17902813299232737,0.8775510204081632
alphaearth,euclidean_nn,0.9,0.9178480552526354,2525,0.19485148514851486,0.8632573652028905
alphaearth,euclidean_nn,1.0,1.0,2751,0.22791712104689205,0.8336428760944548
alphaearth,cosine_nn,0.5,0.6150490730643402,1692,0.09160756501182032,0.9410422213769494
alphaearth,cosine_nn,0.7,0.7691748455107233,2116,0.1498109640831758,0.900658100908806
alphaearth,cosine_nn,0.8,0.8440567066521265,2322,0.17614125753660637,0.8803043605501902
alphaearth,cosine_nn,0.9,0.9134860050890585,2513,0.1945881416633506,0.8642043876700917
alphaearth,cosine_nn,1.0,1.0,2751,0.22791712104689205,0.8336428760944548
alphaearth,cosine_knn,0.5,0.6306797528171574,1735,0.09510086455331412,0.9393159249724163
alphaearth,cosine_knn,0.7,0.7837150127226463,2156,0.1660482374768089,0.891317547055252
alphaearth,cosine_knn,0.8,0.8549618320610687,2352,0.1879251700680272,0.8735697940503433
alphaearth,cosine_knn,0.9,0.9269356597600873,2550,0.20352941176470588,0.8576912530847272
alphaearth,cosine_knn,1.0,1.0,2751,0.22791712104689205,0.8336428760944548
alphaearth,mahalanobis,0.5,0.6223191566703017,1712,0.1185747663551402,0.9266883351390394
alphaearth,mahalanobis,0.7,0.7793529625590694,2144,0.1553171641791045,0.8969359331476323
alphaearth,mahalanobis,0.8,0.8436932024718284,2321,0.17233950883239982,0.8828353837141183
alphaearth,mahalanobis,0.9,0.910941475826972,2506,0.18754988028731046,0.8681996634885025
alphaearth,mahalanobis,1.0,1.0,2751,0.22791712104689205,0.8336428760944548
alphaearth,centroid,0.5,0.5928753180661578,1631,0.134886572654813,0.9094650205761317
alphaearth,centroid,0.7,0.7909850963286078,2176,0.1723345588235294,0.8870141608918349
alphaearth,centroid,0.8,0.8705925118138859,2395,0.20250521920668058,0.8644115180318703
alphaearth,centroid,0.9,0.9491094147582697,2611,0.22788203753351208,0.8406107688186445
alphaearth,centroid,1.0,1.0,2751,0.22791712104689205,0.8336428760944548
alphaearth,entropy,0.5,0.5874227553616866,1616,0.1150990099009901,0.9354614850798056
alphaearth,entropy,0.7,0.7808069792802618,2148,0.16620111731843576,0.892047172664046
alphaearth,entropy,0.8,0.8487822609960014,2335,0.18458244111349037,0.8748911465892598
alphaearth,entropy,0.9,0.9218466012359142,2536,0.20110410094637224,0.8580968280467446
alphaearth,entropy,1.0,1.0,2751,0.22791712104689205,0.8336428760944548
alphaearth,confidence,0.5,0.5874227553616866,1616,0.1150990099009901,0.9354614850798056
alphaearth,confidence,0.7,0.7808069792802618,2148,0.16620111731843576,0.892047172664046
alphaearth,confidence,0.8,0.8487822609960014,2335,0.18458244111349037,0.8748911465892598
alphaearth,confidence,0.9,0.9218466012359142,2536,0.20110410094637224,0.8580968280467446
alphaearth,confidence,1.0,1.0,2751,0.22791712104689205,0.8336428760944548
alphaearth,margin,0.5,0.5874227553616866,1616,0.1150990099009901,0.9354614850798056
alphaearth,margin,0.7,0.7808069792802618,2148,0.16620111731843576,0.892047172664046
alphaearth,margin,0.8,0.8487822609960014,2335,0.18458244111349037,0.8748911465892598
alphaearth,margin,0.9,0.9218466012359142,2536,0.20110410094637224,0.8580968280467446
alphaearth,margin,1.0,1.0,2751,0.22791712104689205,0.8336428760944548
alphaearth,vote_uncertainty,0.5,0.589240276263177,1621,0.10178901912399753,0.9413854351687388
alphaearth,vote_uncertainty,0.7,0.7808069792802618,2148,0.14338919925512103,0.9030837004405287
alphaearth,vote_uncertainty,0.8,0.8473282442748091,2331,0.1625911625911626,0.8860835587616471
alphaearth,vote_uncertainty,0.9,0.920392584514722,2532,0.18838862559241706,0.8646040306556911
alphaearth,vote_uncertainty,1.0,1.0,2751,0.22791712104689205,0.8336428760944548
alphaearth,tree_variance,0.5,0.5870592511813886,1615,0.11702786377708978,0.9342151061608075
alphaearth,tree_variance,0.7,0.757542711741185,2084,0.18186180422264875,0.8860835587616471
alphaearth,tree_variance,0.8,0.8593238822246456,2364,0.19712351945854484,0.8670849971477467
alphaearth,tree_variance,0.9,0.9276626681206834,2552,0.21512539184952978,0.8497948016415868
alphaearth,tree_variance,1.0,1.0,2751,0.22791712104689205,0.8336428760944548
alphaearth,domain_probability,0.5,1.0,2751,0.22791712104689205,0.8336428760944548
alphaearth,domain_probability,0.7,1.0,2751,0.22791712104689205,0.8336428760944548
alphaearth,domain_probability,0.8,1.0,2751,0.22791712104689205,0.8336428760944548
alphaearth,domain_probability,0.9,1.0,2751,0.22791712104689205,0.8336428760944548
alphaearth,domain_probability,1.0,1.0,2751,0.22791712104689205,0.8336428760944548
presto_primary,euclidean_nn,0.5,0.5467102871683024,1504,0.24867021276595744,0.8425925925925926
presto_primary,euclidean_nn,0.7,0.7484551072337332,2059,0.24283632831471588,0.8407643312101911
presto_primary,euclidean_nn,0.8,0.8404216648491457,2312,0.2435121107266436,0.8339722795635506
presto_primary,euclidean_nn,0.9,0.9298436932024718,2558,0.236903831118061,0.8276450511945392
presto_primary,euclidean_nn,1.0,1.0,2751,0.2268266085059978,0.823828345567476
presto_primary,cosine_nn,0.5,0.5296255906942929,1457,0.2546328071379547,0.8374945247481385
presto_primary,cosine_nn,0.7,0.727735368956743,2002,0.25124875124875123,0.8371641307866623
presto_primary,cosine_nn,0.8,0.8349691021446747,2297,0.24510230735742272,0.8335796630209873
presto_primary,cosine_nn,0.9,0.9156670301708469,2519,0.23858674077014688,0.8282366390397257
presto_primary,cosine_nn,1.0,1.0,2751,0.2268266085059978,0.823828345567476
presto_primary,cosine_knn,0.5,0.5387131952017448,1482,0.2496626180836707,0.8430873621713316
presto_primary,cosine_knn,0.7,0.7379134860050891,2030,0.25566502463054186,0.8360189573459715
presto_primary,cosine_knn,0.8,0.8255179934569248,2271,0.24702774108322326,0.8354356116163097
presto_primary,cosine_knn,0.9,0.9196655761541258,2530,0.2383399209486166,0.8280581693755347
presto_primary,cosine_knn,1.0,1.0,2751,0.2268266085059978,0.823828345567476
presto_primary,mahalanobis,0.5,0.5452562704471101,1500,0.274,0.8245838668373879
presto_primary,mahalanobis,0.7,0.7531806615776081,2072,0.25675675675675674,0.836105976586568
presto_primary,mahalanobis,0.8,0.8153398764085787,2243,0.2572447614801605,0.8322186682175051
presto_primary,mahalanobis,0.9,0.9087604507451835,2500,0.244,0.8267045454545454
presto_primary,mahalanobis,1.0,1.0,2751,0.2268266085059978,0.823828345567476
presto_primary,centroid,0.5,0.5521628498727735,1519,0.21329822251481237,0.8765243902439024
presto_primary,centroid,0.7,0.7317339149400218,2013,0.24788872329855938,0.844693432928727
presto_primary,centroid,0.8,0.8404216648491457,2312,0.2508650519031142,0.8294117647058824
presto_primary,centroid,0.9,0.9254816430388949,2546,0.2356637863315004,0.8276852383687536
presto_primary,centroid,1.0,1.0,2751,0.2268266085059978,0.823828345567476
presto_primary,entropy,0.5,0.6150490730643402,1692,0.16193853427895982,0.8896051571313457
presto_primary,entropy,0.7,0.7789894583787713,2143,0.17965468968735418,0.8722203783604381
presto_primary,entropy,0.8,0.8560523446019629,2355,0.20127388535031848,0.853522867737948
presto_primary,entropy,0.9,0.9185750636132316,2527,0.2113177681044717,0.8419182948490231
presto_primary,entropy,1.0,1.0,2751,0.2268266085059978,0.823828345567476
presto_primary,confidence,0.5,0.6150490730643402,1692,0.16193853427895982,0.8896051571313457
presto_primary,confidence,0.7,0.7789894583787713,2143,0.17965468968735418,0.8722203783604381
presto_primary,confidence,0.8,0.8560523446019629,2355,0.20127388535031848,0.853522867737948
presto_primary,confidence,0.9,0.9185750636132316,2527,0.2113177681044717,0.8419182948490231
presto_primary,confidence,1.0,1.0,2751,0.2268266085059978,0.823828345567476
presto_primary,margin,0.5,0.6150490730643402,1692,0.16193853427895982,0.8896051571313457
presto_primary,margin,0.7,0.7789894583787713,2143,0.17965468968735418,0.8722203783604381
presto_primary,margin,0.8,0.8560523446019629,2355,0.20127388535031848,0.853522867737948
presto_primary,margin,0.9,0.9185750636132316,2527,0.2113177681044717,0.8419182948490231
presto_primary,margin,1.0,1.0,2751,0.2268266085059978,0.823828345567476
presto_primary,vote_uncertainty,0.5,0.6015994183933115,1655,0.15226586102719034,0.8889867841409692
presto_primary,vote_uncertainty,0.7,0.767357324609233,2111,0.18048318332543817,0.8680290959473502
presto_primary,vote_uncertainty,0.8,0.8531443111595783,2347,0.190029825308905,0.8584126984126984
presto_primary,vote_uncertainty,0.9,0.9363867684478372,2576,0.20496894409937888,0.841726618705036
presto_primary,vote_uncertainty,1.0,1.0,2751,0.2268266085059978,0.823828345567476
presto_primary,tree_variance,0.5,0.6081424936386769,1673,0.1589958158995816,0.8931726907630522
presto_primary,tree_variance,0.7,0.7793529625590694,2144,0.177705223880597,0.8732956434985035
presto_primary,tree_variance,0.8,0.8516902944383861,2343,0.1946222791293214,0.8579439252336448
presto_primary,tree_variance,0.9,0.926208651399491,2548,0.20996860282574567,0.841762792073351
presto_primary,tree_variance,1.0,1.0,2751,0.2268266085059978,0.823828345567476
presto_primary,domain_probability,0.5,0.5779716466739367,1590,0.27672955974842767,0.7857838364167478
presto_primary,domain_probability,0.7,1.0,2751,0.2268266085059978,0.823828345567476
presto_primary,domain_probability,0.8,1.0,2751,0.2268266085059978,0.823828345567476
presto_primary,domain_probability,0.9,1.0,2751,0.2268266085059978,0.823828345567476
presto_primary,domain_probability,1.0,1.0,2751,0.2268266085059978,0.823828345567476
galileo,euclidean_nn,0.5,0.5136314067611778,1413,0.28096249115357397,0.8279150411790204
galileo,euclidean_nn,0.7,0.7466375863322429,2054,0.2590068159688413,0.8419489007724302
galileo,euclidean_nn,0.8,0.821882951653944,2261,0.2649270234409553,0.837976737895591
galileo,euclidean_nn,0.9,0.8774990912395493,2414,0.27050538525269263,0.8290128305839225
galileo,euclidean_nn,1.0,1.0,2751,0.247546346782988,0.8229789446321809
galileo,cosine_nn,0.5,0.5136314067611778,1413,0.25831564048124556,0.8439504061564771
galileo,cosine_nn,0.7,0.7484551072337332,2059,0.259834871296746,0.8415753627480012
galileo,cosine_nn,0.8,0.8204289349327517,2257,0.26362428001772265,0.8389715832205683
galileo,cosine_nn,0.9,0.9051254089422028,2490,0.25783132530120484,0.8313189700472937
galileo,cosine_nn,1.0,1.0,2751,0.247546346782988,0.8229789446321809
galileo,cosine_knn,0.5,0.5292620865139949,1456,0.24519230769230768,0.8531468531468531
galileo,cosine_knn,0.7,0.7531806615776081,2072,0.2533783783783784,0.8468047855266997
galileo,cosine_knn,0.8,0.8233369683751364,2265,0.26225165562913905,0.839546191247974
galileo,cosine_knn,0.9,0.8865866957470011,2439,0.2644526445264453,0.8307530831802676
galileo,cosine_knn,1.0,1.0,2751,0.247546346782988,0.8229789446321809
galileo,mahalanobis,0.5,0.46964740094511087,1292,0.3188854489164087,0.7954319761668321
galileo,mahalanobis,0.7,0.6892039258451472,1896,0.285337552742616,0.8215110524579347
galileo,mahalanobis,0.8,0.8055252635405307,2216,0.26895306859205775,0.8346281908990011
galileo,mahalanobis,0.9,0.8818611414031261,2426,0.2749381698268755,0.8258940224484469
galileo,mahalanobis,1.0,1.0,2751,0.247546346782988,0.8229789446321809
galileo,centroid,0.5,0.5557978916757542,1529,0.2393721386527142,0.8611532625189682
galileo,centroid,0.7,0.7390039985459833,2033,0.2597147073290703,0.8453427065026362
galileo,centroid,0.8,0.8197019265721556,2255,0.26740576496674057,0.8372469635627531
galileo,centroid,0.9,0.9171210468920392,2523,0.25723345223939753,0.8295245600210139
galileo,centroid,1.0,1.0,2751,0.247546346782988,0.8229789446321809
galileo,entropy,0.5,0.5961468556888404,1640,0.19634146341463415,0.8889655172413793
galileo,entropy,0.7,0.7913486005089059,2177,0.20854386770785485,0.8661556603773585
galileo,entropy,0.8,0.8684114867320974,2389,0.22101297614064463,0.8525963149078727
galileo,entropy,0.9,0.9312977099236641,2562,0.2338017174082748,0.8391082460381413
galileo,entropy,1.0,1.0,2751,0.247546346782988,0.8229789446321809
galileo,confidence,0.5,0.5961468556888404,1640,0.19634146341463415,0.8889655172413793
galileo,confidence,0.7,0.7913486005089059,2177,0.20854386770785485,0.8661556603773585
galileo,confidence,0.8,0.8684114867320974,2389,0.22101297614064463,0.8525963149078727
galileo,confidence,0.9,0.9312977099236641,2562,0.2338017174082748,0.8391082460381413
galileo,confidence,1.0,1.0,2751,0.247546346782988,0.8229789446321809
galileo,margin,0.5,0.5961468556888404,1640,0.19634146341463415,0.8889655172413793
galileo,margin,0.7,0.7913486005089059,2177,0.20854386770785485,0.8661556603773585
galileo,margin,0.8,0.8684114867320974,2389,0.22101297614064463,0.8525963149078727
galileo,margin,0.9,0.9312977099236641,2562,0.2338017174082748,0.8391082460381413
galileo,margin,1.0,1.0,2751,0.247546346782988,0.8229789446321809
galileo,vote_uncertainty,0.5,0.6132315521628499,1687,0.17842323651452283,0.8922305764411027
galileo,vote_uncertainty,0.7,0.7888040712468194,2170,0.19262672811059908,0.8717791411042944
galileo,vote_uncertainty,0.8,0.8589603780443476,2363,0.20313161235717309,0.8611914401388086
galileo,vote_uncertainty,0.9,0.9342057433660487,2570,0.21828793774319066,0.8461749383054565
galileo,vote_uncertainty,1.0,1.0,2751,0.247546346782988,0.8229789446321809
galileo,tree_variance,0.5,0.5986913849509269,1647,0.1955069823922283,0.8890420399724328
galileo,tree_variance,0.7,0.7938931297709924,2184,0.21153846153846154,0.8636363636363636
galileo,tree_variance,0.8,0.8636859323882224,2376,0.2175925925925926,0.8539135348968635
galileo,tree_variance,0.9,0.9302071973827699,2559,0.23016803438843297,0.8398150666304052
galileo,tree_variance,1.0,1.0,2751,0.247546346782988,0.8229789446321809
galileo,domain_probability,0.5,0.6219556524900036,1711,0.2945645821157218,0.8046511627906977
galileo,domain_probability,0.7,1.0,2751,0.247546346782988,0.8229789446321809
galileo,domain_probability,0.8,1.0,2751,0.247546346782988,0.8229789446321809
galileo,domain_probability,0.9,1.0,2751,0.247546346782988,0.8229789446321809
galileo,domain_probability,1.0,1.0,2751,0.247546346782988,0.8229789446321809
